,Balance on goods ;,"Credits, Total goods ;","Credits, Rural goods ;","Credits, Non-rural goods ;","Credits, Net exports of goods under merchanting ;","Credits, Non-monetary gold ;","Debits, Total goods ;","Debits, Consumption goods ;","Debits, Capital goods ;","Debits, Intermediate and other merchandise goods ;","Debits, Non-monetary gold ;",Balance on goods ;,"Credits, Total goods ;","Credits, Rural goods ;","Credits, Non-rural goods ;","Credits, Net exports of goods under merchanting ;","Credits, Non-monetary gold ;","Debits, Total goods ;","Debits, Consumption goods ;","Debits, Capital goods ;","Debits, Intermediate and other merchandise goods ;","Debits, Non-monetary gold ;"
Unit,$ Millions,$ Millions,$ Millions,$ Millions,$ Millions,$ Millions,$ Millions,$ Millions,$ Millions,$ Millions,$ Millions,$ Millions,$ Millions,$ Millions,$ Millions,$ Millions,$ Millions,$ Millions,$ Millions,$ Millions,$ Millions,$ Millions
Series Type,Seasonally Adjusted,Seasonally Adjusted,Seasonally Adjusted,Seasonally Adjusted,Seasonally Adjusted,Seasonally Adjusted,Seasonally Adjusted,Seasonally Adjusted,Seasonally Adjusted,Seasonally Adjusted,Seasonally Adjusted,Trend,Trend,Trend,Trend,Trend,Trend,Trend,Trend,Trend,Trend,Trend
Data Type,FLOW,FLOW,FLOW,FLOW,FLOW,FLOW,FLOW,FLOW,FLOW,FLOW,FLOW,FLOW,FLOW,FLOW,FLOW,FLOW,FLOW,FLOW,FLOW,FLOW,FLOW,FLOW
Frequency,Month,Month,Month,Month,Month,Month,Month,Month,Month,Month,Month,Month,Month,Month,Month,Month,Month,Month,Month,Month,Month,Month
Collection Month,1,1,1,1,1,1,1,1,1,1,1,1,1,1,1,1,1,1,1,1,1,1
Series Start,Jul-1971,Jul-1971,Jul-1971,Jul-1971,Jul-1971,Jul-1971,Jul-1971,Jul-1971,Jul-1971,Jul-1971,Jul-1971,Jul-1971,Jul-1971,Jul-1971,Jul-1971,Jul-1971,Jul-1971,Jul-1971,Jul-1971,Jul-1971,Jul-1971,Jul-1971
Series End,Mar-2026,Mar-2026,Mar-2026,Mar-2026,Mar-2026,Mar-2026,Mar-2026,Mar-2026,Mar-2026,Mar-2026,Mar-2026,Mar-2026,Mar-2026,Mar-2026,Mar-2026,Mar-2026,Mar-2026,Mar-2026,Mar-2026,Mar-2026,Mar-2026,Mar-2026
No. Obs,657,657,657,657,657,657,657,657,657,657,657,657,657,657,657,657,657,657,657,657,657,657
Series ID,A2718594C,A2718577A,A2718580R,A2718587F,A2718599R,A2718602T,A2718603V,A2718605X,A2718612W,A2718619L,A2718634K,A2718674C,A2718657A,A2718660R,A2718667F,A2718679R,A2718682C,A2718683F,A2718685K,A2718692J,A2718699X,A2718714K
Jul-1971,83,423,196,223,2,2,-340,,,,,63,404,190,210,2,2,-341,,,,
Aug-1971,55,401,189,208,2,2,-346,,,,,58,395,186,205,2,2,-337,,,,
Sep-1971,60,383,180,200,1,2,-322,,,,,53,386,182,200,2,2,-333,,,,
Oct-1971,18,359,170,185,2,2,-341,,,,,49,378,179,196,2,2,-329,,,,
Nov-1971,69,378,181,193,2,2,-309,,,,,49,374,176,195,1,2,-325,,,,
Dec-1971,44,378,179,197,1,2,-334,,,,,53,375,175,197,1,2,-322,,,,
Jan-1972,65,379,174,203,1,1,-314,,,,,66,384,178,203,2,1,-317,,,,
Feb-1972,70,379,172,205,1,1,-309,,,,,85,396,183,210,2,1,-312,,,,
Mar-1972,107,418,189,225,3,1,-311,,,,,102,407,190,214,2,1,-306,,,,
Apr-1972,121,434,209,221,2,2,-313,,,,,116,415,196,215,2,1,-299,,,,
May-1972,170,437,212,221,2,2,-267,,,,,128,421,203,214,2,2,-293,,,,
Jun-1972,116,413,206,206,1,1,-297,,,,,139,428,211,213,2,2,-289,,,,
Jul-1972,118,406,203,199,2,2,-288,,,,,149,437,218,215,2,2,-288,,,,
Aug-1972,158,454,227,223,2,2,-296,,,,,160,450,227,220,2,2,-290,,,,
Sep-1972,202,483,248,233,1,2,-281,,,,,175,469,236,229,2,2,-295,,,,
Oct-1972,191,494,250,240,2,2,-303,,,,,190,491,247,240,2,2,-301,,,,
Nov-1972,188,511,253,254,2,2,-322,,,,,203,511,257,250,2,2,-308,,,,
Dec-1972,208,511,253,253,2,3,-303,,,,,211,525,264,257,2,2,-314,,,,
Jan-1973,237,560,287,269,2,2,-323,,,,,213,533,270,258,2,2,-320,,,,
Feb-1973,192,529,270,255,2,2,-336,,,,,210,536,276,256,2,2,-326,,,,
Mar-1973,216,551,283,263,3,1,-335,,,,,205,537,280,253,2,2,-333,,,,
Apr-1973,189,506,273,229,2,2,-317,,,,,195,537,282,251,2,2,-342,,,,
May-1973,190,545,288,253,2,2,-354,,,,,183,538,283,251,2,2,-355,,,,
Jun-1973,175,555,296,254,2,3,-380,,,,,174,541,283,254,2,2,-367,,,,
Jul-1973,142,540,273,263,2,2,-398,,,,,167,547,283,260,2,2,-381,,,,
Aug-1973,175,547,276,267,2,2,-372,,,,,160,554,284,266,2,3,-394,,,,
Sep-1973,132,555,282,268,3,2,-423,,,,,154,560,284,271,2,3,-406,,,,
Oct-1973,184,585,294,285,2,4,-401,,,,,146,566,285,275,2,3,-419,,,,
Nov-1973,128,567,286,275,2,4,-440,,,,,133,567,284,277,3,3,-434,,,,
Dec-1973,85,563,284,271,3,5,-478,,,,,111,566,281,279,3,3,-455,,,,
Jan-1974,105,546,262,279,3,2,-441,,,,,83,564,277,281,2,3,-481,,,,
Feb-1974,95,613,296,313,3,2,-518,,,,,53,563,273,284,2,3,-510,,,,
Mar-1974,-18,532,258,271,1,2,-550,,,,,25,565,269,291,2,3,-540,,,,
Apr-1974,-32,530,249,276,2,3,-562,,,,,1,572,267,301,2,3,-571,,,,
May-1974,9,642,288,349,2,3,-633,,,,,-16,587,267,315,2,3,-603,,,,
Jun-1974,-15,592,272,313,3,4,-608,,,,,-28,606,266,334,2,4,-634,,,,
Jul-1974,-20,622,247,369,2,4,-642,,,,,-32,630,266,357,2,4,-662,,,,
Aug-1974,-64,626,256,365,2,4,-690,,,,,-30,654,264,383,3,4,-684,,,,
Sep-1974,5,733,305,419,4,4,-727,,,,,-21,679,263,409,3,4,-699,,,,
Oct-1974,-34,674,242,426,3,3,-708,,,,,-4,698,263,428,3,3,-703,,,,
Nov-1974,19,707,249,452,3,3,-688,,,,,22,714,266,441,3,3,-692,,,,
Dec-1974,89,755,273,475,3,3,-665,,,,,54,725,272,447,3,3,-671,,,,
Jan-1975,56,710,279,424,3,4,-654,,,,,89,733,276,450,3,4,-644,,,,
Feb-1975,135,768,302,458,3,4,-633,,,,,122,741,280,455,3,4,-619,,,,
Mar-1975,161,703,280,416,3,4,-542,,,,,154,754,284,463,3,4,-600,,,,
Apr-1975,170,779,279,493,3,4,-609,,,,,180,768,287,473,3,4,-588,,,,
May-1975,180,788,279,502,3,4,-607,,,,,195,778,291,479,3,4,-582,,,,
Jun-1975,244,806,297,500,4,5,-563,,,,,199,782,296,478,3,5,-583,,,,
Jul-1975,178,769,305,457,3,4,-591,,,,,190,778,302,468,3,5,-588,,,,
Aug-1975,209,797,326,463,3,5,-588,,,,,171,767,307,453,3,4,-596,,,,
Sep-1975,84,700,299,393,3,5,-616,,,,,146,754,308,439,3,4,-607,,,,
Oct-1975,145,769,312,451,3,3,-623,,,,,121,743,305,431,3,4,-623,,,,
Nov-1975,105,734,292,436,3,3,-628,,,,,106,746,304,436,3,4,-640,,,,
Dec-1975,93,758,308,443,3,4,-665,,,,,105,760,305,448,3,4,-655,,,,
Jan-1976,99,772,303,462,3,4,-673,,,,,113,780,309,464,3,4,-668,,,,
Feb-1976,102,791,307,477,3,4,-689,,,,,125,805,315,483,3,4,-680,,,,
Mar-1976,164,860,341,511,4,4,-696,,,,,137,832,322,502,3,4,-695,,,,
Apr-1976,246,923,359,556,3,5,-677,,,,,146,862,334,520,4,5,-715,,,,
May-1976,27,758,287,463,3,5,-731,,,,,157,893,350,535,4,5,-736,,,,
Jun-1976,195,975,375,591,5,4,-780,,,,,168,922,368,546,4,4,-754,,,,
Jul-1976,181,965,395,563,4,4,-784,,,,,177,944,385,551,4,4,-766,,,,
Aug-1976,155,959,413,537,4,4,-804,,,,,185,957,396,553,4,4,-772,,,,
Sep-1976,242,998,426,564,4,4,-756,,,,,184,962,401,554,4,4,-778,,,,
Oct-1976,187,923,378,539,3,3,-736,,,,,167,960,398,555,4,3,-793,,,,
Nov-1976,119,957,386,566,3,3,-838,,,,,133,955,391,557,4,3,-823,,,,
Dec-1976,52,907,366,533,5,3,-855,,,,,91,954,384,564,4,3,-863,,,,
Jan-1977,148,1020,402,613,4,2,-872,,,,,57,962,382,574,4,2,-905,,,,
Feb-1977,-91,951,376,569,4,2,-1043,,,,,34,972,384,582,4,2,-938,,,,
Mar-1977,38,967,383,578,3,3,-929,,,,,25,981,388,587,4,2,-956,,,,
Apr-1977,56,1017,404,607,4,2,-961,,,,,29,988,392,589,4,3,-959,,,,
May-1977,75,994,389,599,4,2,-919,,,,,38,990,393,590,4,3,-953,,,,
Jun-1977,25,983,396,581,4,2,-958,,,,,49,993,393,592,4,4,-944,,,,
Jul-1977,43,969,402,553,4,10,-926,,,,,67,999,393,598,4,5,-933,,,,
Aug-1977,96,1035,381,645,4,5,-939,,,,,89,1011,395,607,4,5,-922,,,,
Sep-1977,103,1014,399,607,4,4,-911,,,,,111,1022,400,613,4,5,-911,,,,
Oct-1977,97,1010,380,622,4,4,-913,,,,,130,1030,406,615,4,5,-900,,,,
Nov-1977,194,1069,440,622,4,3,-875,,,,,135,1031,411,612,4,5,-896,,,,
Dec-1977,199,1067,434,623,5,6,-869,,,,,121,1023,413,602,4,4,-902,,,,
Jan-1978,14,959,392,557,4,6,-945,,,,,94,1010,410,592,4,4,-916,,,,
Feb-1978,80,996,410,580,4,2,-916,,,,,67,1002,405,589,4,4,-934,,,,
Mar-1978,2,987,387,595,4,2,-986,,,,,48,1003,403,594,4,3,-955,,,,
Apr-1978,41,1037,410,620,4,3,-996,,,,,38,1013,404,603,4,2,-975,,,,
May-1978,23,969,398,565,4,2,-946,,,,,31,1023,406,612,4,2,-992,,,,
Jun-1978,88,1091,391,694,5,1,-1003,,,,,22,1031,406,619,4,2,-1009,,,,
Jul-1978,30,1091,458,627,4,2,-1061,,,,,3,1033,401,625,4,3,-1031,,,,
Aug-1978,-56,999,415,579,4,1,-1055,,,,,-21,1037,395,633,4,4,-1058,,,,
Sep-1978,-61,989,325,652,4,9,-1050,,,,,-33,1052,393,649,4,6,-1085,,,,
Oct-1978,-47,1059,397,646,5,11,-1106,,,,,-27,1080,400,669,4,7,-1107,,,,
Nov-1978,2,1163,423,731,5,4,-1161,,,,,-1,1116,417,687,5,8,-1117,,,,
Dec-1978,2,1153,448,694,4,7,-1151,,,,,40,1158,444,701,5,8,-1118,,,,
Jan-1979,151,1251,491,744,5,11,-1100,,,,,83,1201,479,709,5,8,-1118,,,,
Feb-1979,133,1215,507,697,5,7,-1083,,,,,117,1240,516,711,5,8,-1124,,,,
Mar-1979,120,1233,558,665,5,5,-1113,,,,,135,1274,549,712,5,8,-1139,,,,
Apr-1979,121,1286,543,725,5,14,-1166,,,,,139,1301,574,715,5,8,-1163,,,,
May-1979,202,1413,653,753,5,2,-1211,,,,,139,1327,593,722,5,7,-1189,,,,
Jun-1979,85,1356,602,739,7,7,-1270,,,,,149,1359,612,736,6,5,-1210,,,,
Jul-1979,212,1394,627,758,5,4,-1182,,,,,180,1401,635,757,6,4,-1221,,,,
Aug-1979,88,1356,626,722,5,3,-1268,,,,,223,1456,665,782,6,3,-1233,,,,
Sep-1979,302,1480,658,814,7,1,-1178,,,,,260,1515,697,809,6,2,-1255,,,,
Oct-1979,397,1670,765,897,7,1,-1273,,,,,278,1571,724,838,7,2,-1293,,,,
Nov-1979,324,1679,805,863,7,4,-1355,,,,,281,1616,737,870,7,3,-1335,,,,
Dec-1979,250,1596,704,878,6,9,-1347,,,,,269,1636,728,896,7,5,-1367,,,,
Jan-1980,106,1638,733,896,7,2,-1532,,,,,250,1630,701,913,7,9,-1380,,,,
Feb-1980,352,1690,632,1048,7,3,-1338,,,,,238,1616,669,927,7,13,-1378,,,,
Mar-1980,267,1631,625,974,6,27,-1364,,,,,231,1607,645,938,7,17,-1375,,,,
Apr-1980,345,1600,618,945,7,30,-1255,,,,,221,1605,637,942,7,19,-1384,,,,
May-1980,25,1484,604,861,7,12,-1459,,,,,185,1602,642,936,7,18,-1417,,,,
Jun-1980,305,1760,734,1003,6,17,-1455,,,,,125,1594,650,923,6,15,-1470,,,,
Jul-1980,26,1624,657,957,6,4,-1598,,,,,50,1579,654,908,6,11,-1529,,,,
Aug-1980,-89,1451,635,799,6,11,-1540,,,,,-7,1567,652,901,6,7,-1574,,,,
Sep-1980,-66,1542,645,885,7,5,-1608,,,,,-23,1565,646,908,6,4,-1587,,,,
Oct-1980,-91,1570,612,951,6,1,-1661,,,,,-8,1571,638,923,6,3,-1578,,,,
Nov-1980,130,1623,642,973,6,2,-1493,,,,,14,1582,632,942,7,2,-1568,,,,
Dec-1980,-47,1568,647,910,8,3,-1616,,,,,28,1598,627,961,7,2,-1569,,,,
Jan-1981,289,1704,624,1071,6,3,-1415,,,,,29,1615,626,979,6,3,-1585,,,,
Feb-1981,-75,1577,616,952,6,3,-1651,,,,,6,1621,620,990,6,4,-1615,,,,
Mar-1981,-238,1528,578,940,6,4,-1766,,,,,-28,1618,611,995,6,5,-1647,,,,
Apr-1981,-52,1681,646,1019,7,9,-1733,,,,,-68,1614,600,1002,7,6,-1682,,,,
May-1981,83,1644,582,1050,7,6,-1561,,,,,-97,1608,589,1008,7,5,-1705,,,,
Jun-1981,-170,1634,601,1022,6,5,-1805,,,,,-137,1600,581,1008,7,4,-1737,,,,
Jul-1981,-361,1456,500,946,7,2,-1817,-340,-490,-985,-2,-174,1586,573,1004,6,3,-1760,-342,-462,-954,-2
Aug-1981,-101,1620,603,1010,7,1,-1721,-344,-450,-926,-1,-195,1565,564,992,6,2,-1760,-347,-452,-960,-2
Sep-1981,-54,1620,581,1033,5,1,-1674,-355,-402,-914,-2,-226,1540,557,974,6,3,-1766,-352,-445,-968,-1
Oct-1981,-484,1479,573,897,6,2,-1963,-364,-460,-1138,-1,-250,1528,556,960,6,6,-1779,-359,-439,-979,-1
Nov-1981,-267,1530,547,966,6,11,-1798,-382,-471,-943,-2,-271,1533,567,952,6,9,-1805,-370,-437,-996,-1
Dec-1981,-180,1501,515,964,7,15,-1680,-337,-391,-951,-1,-293,1559,591,951,6,11,-1851,-383,-439,-1027,-2
Jan-1982,-346,1574,649,902,6,17,-1921,-411,-432,-1077,-1,-307,1603,627,958,6,11,-1910,-398,-443,-1068,-2
Feb-1982,-317,1715,672,1031,6,6,-2032,-410,-482,-1138,-3,-301,1663,668,978,7,11,-1964,-410,-448,-1104,-2
Mar-1982,-365,1758,735,1008,8,6,-2123,-461,-459,-1201,-2,-279,1725,701,1007,7,10,-2004,-417,-454,-1131,-2
Apr-1982,-389,1700,726,952,7,15,-2088,-399,-444,-1243,-1,-248,1769,715,1037,7,10,-2017,-419,-456,-1140,-2
May-1982,-47,1915,742,1161,7,6,-1962,-407,-424,-1127,-4,-212,1789,708,1062,7,11,-2001,-415,-453,-1130,-2
Jun-1982,-210,1718,664,1033,8,12,-1928,-407,-472,-1046,-2,-169,1791,686,1083,7,14,-1960,-408,-444,-1105,-2
Jul-1982,-138,1866,656,1184,7,18,-2004,-401,-483,-1118,-2,-131,1791,668,1098,7,17,-1921,-404,-430,-1085,-2
Aug-1982,-250,1650,605,1014,7,24,-1901,-399,-362,-1137,-2,-98,1795,662,1106,8,20,-1893,-404,-415,-1071,-2
Sep-1982,42,1812,672,1106,8,25,-1770,-411,-453,-904,-2,-64,1798,662,1106,8,22,-1862,-404,-400,-1056,-2
Oct-1982,-156,1852,672,1151,8,21,-2007,-398,-420,-1188,-2,-33,1791,664,1098,8,22,-1825,-403,-382,-1037,-2
Nov-1982,-6,1801,690,1096,8,7,-1806,-420,-380,-1003,-3,-9,1775,658,1090,7,20,-1784,-400,-368,-1013,-2
Dec-1982,38,1859,725,1088,7,39,-1821,-403,-349,-1068,-2,8,1756,640,1091,7,18,-1748,-398,-359,-988,-2
Jan-1983,-81,1591,502,1067,6,16,-1671,-370,-365,-934,-3,12,1740,613,1102,7,18,-1727,-397,-360,-967,-3
Feb-1983,-54,1674,597,1071,6,1,-1728,-389,-321,-1017,-2,10,1737,585,1125,7,20,-1726,-399,-369,-957,-3
Mar-1983,-85,1758,560,1166,7,25,-1843,-429,-387,-1024,-3,0,1745,561,1153,7,24,-1745,-403,-384,-956,-3
Apr-1983,27,1847,553,1253,8,33,-1820,-407,-447,-963,-2,-12,1765,547,1182,7,29,-1777,-409,-405,-960,-3
May-1983,91,1827,563,1214,8,42,-1736,-413,-390,-930,-3,-29,1785,543,1200,8,34,-1814,-417,-425,-969,-3
Jun-1983,-91,1778,539,1192,7,39,-1868,-418,-487,-962,-2,-36,1800,549,1206,8,37,-1836,-424,-438,-971,-3
Jul-1983,-83,1788,547,1203,8,30,-1871,-430,-421,-1017,-3,-27,1816,560,1211,8,38,-1843,-430,-441,-970,-3
Aug-1983,-67,1780,553,1176,8,42,-1847,-449,-426,-969,-3,1,1843,579,1220,7,37,-1842,-435,-438,-966,-3
Sep-1983,103,1911,629,1233,6,42,-1807,-433,-458,-915,-2,42,1887,609,1236,8,34,-1846,-442,-433,-968,-2
Oct-1983,38,1941,668,1251,8,14,-1903,-456,-410,-1035,-2,78,1939,647,1254,8,31,-1861,-451,-429,-979,-2
Nov-1983,163,1983,628,1310,8,36,-1820,-445,-415,-957,-3,100,1983,681,1265,8,29,-1883,-458,-426,-996,-2
Dec-1983,191,2113,729,1346,9,29,-1921,-469,-444,-1007,-2,95,2004,704,1264,8,28,-1909,-466,-425,-1016,-3
Jan-1984,11,1983,779,1163,8,33,-1972,-490,-429,-1049,-3,63,2005,713,1255,8,28,-1942,-473,-426,-1039,-3
Feb-1984,-52,1954,694,1238,8,15,-2006,-479,-424,-1100,-3,21,2002,714,1249,8,30,-1981,-483,-432,-1063,-3
Mar-1984,-130,2053,735,1268,8,42,-2183,-492,-449,-1238,-4,-10,2019,717,1260,8,34,-2029,-492,-443,-1090,-3
Apr-1984,149,1967,631,1289,9,38,-1818,-465,-441,-908,-3,-22,2070,730,1294,9,37,-2092,-503,-462,-1124,-4
May-1984,-157,2109,761,1298,9,41,-2266,-557,-480,-1224,-5,-22,2147,752,1346,9,40,-2169,-515,-486,-1165,-4
Jun-1984,-40,2250,794,1409,9,38,-2290,-523,-514,-1249,-4,-18,2235,779,1403,9,43,-2253,-527,-513,-1209,-4
Jul-1984,-163,2416,853,1493,10,61,-2580,-532,-588,-1455,-4,-22,2309,809,1445,9,45,-2331,-539,-539,-1248,-5
Aug-1984,36,2399,853,1507,10,29,-2363,-529,-496,-1334,-4,-41,2348,828,1463,9,47,-2388,-549,-561,-1273,-5
Sep-1984,-155,2426,800,1569,9,49,-2581,-600,-651,-1320,-10,-76,2345,830,1458,9,48,-2421,-556,-580,-1279,-6
Oct-1984,-57,2269,788,1413,9,59,-2327,-543,-531,-1249,-4,-105,2321,821,1442,9,49,-2426,-562,-592,-1266,-7
Nov-1984,-66,2391,878,1454,9,51,-2458,-557,-628,-1269,-4,-110,2304,811,1435,9,48,-2414,-567,-598,-1242,-7
Dec-1984,-129,2237,817,1367,10,43,-2366,-586,-598,-1171,-11,-81,2329,814,1456,10,49,-2410,-571,-604,-1227,-8
Jan-1985,-177,2290,742,1487,10,50,-2466,-569,-648,-1239,-10,-21,2404,833,1512,10,49,-2424,-578,-611,-1228,-7
Feb-1985,24,2474,858,1566,10,40,-2450,-612,-593,-1238,-7,44,2519,869,1591,10,49,-2475,-590,-623,-1255,-7
Mar-1985,405,2807,960,1775,10,62,-2402,-566,-571,-1263,-2,87,2652,916,1673,11,53,-2564,-610,-641,-1307,-6
Apr-1985,15,2730,957,1696,11,66,-2715,-633,-746,-1331,-5,87,2768,961,1736,11,60,-2682,-634,-669,-1373,-6
May-1985,46,2909,987,1855,11,56,-2862,-669,-681,-1506,-7,43,2843,992,1770,11,69,-2800,-658,-698,-1438,-5
Jun-1985,-92,2852,1056,1748,13,35,-2944,-700,-692,-1544,-8,-33,2861,1000,1773,11,77,-2894,-678,-724,-1485,-6
Jul-1985,-121,2910,1000,1736,11,163,-3031,-685,-805,-1536,-4,-109,2837,985,1759,12,82,-2946,-689,-741,-1508,-8
Aug-1985,-207,2790,961,1748,11,70,-2997,-712,-788,-1486,-11,-169,2800,961,1742,12,85,-2969,-695,-749,-1515,-10
Sep-1985,-355,2627,875,1682,11,59,-2981,-686,-765,-1521,-9,-199,2774,946,1730,12,86,-2973,-698,-751,-1513,-11
Oct-1985,-208,2771,929,1740,12,90,-2979,-671,-707,-1586,-16,-213,2764,944,1724,11,84,-2977,-698,-758,-1511,-11
Nov-1985,-282,2735,956,1689,12,78,-3017,-685,-806,-1513,-14,-236,2762,956,1715,11,80,-2999,-699,-775,-1515,-10
Dec-1985,-359,2912,1001,1810,11,91,-3271,-742,-945,-1579,-5,-269,2762,975,1698,11,78,-3030,-699,-796,-1526,-10
Jan-1986,-457,2683,1003,1576,10,93,-3140,-728,-799,-1609,-4,-310,2743,987,1665,11,80,-3053,-699,-811,-1534,-9
Feb-1986,-104,2767,1014,1678,10,65,-2871,-652,-782,-1427,-10,-347,2700,985,1617,11,86,-3047,-697,-808,-1533,-9
Mar-1986,-515,2615,964,1586,12,52,-3130,-666,-933,-1518,-12,-358,2644,973,1566,11,94,-3002,-695,-782,-1516,-9
Apr-1986,-484,2599,956,1486,11,147,-3083,-746,-716,-1610,-11,-332,2607,960,1530,11,106,-2938,-694,-741,-1493,-10
May-1986,-190,2607,920,1522,11,154,-2797,-676,-635,-1473,-13,-278,2620,958,1532,10,120,-2898,-698,-705,-1484,-11
Jun-1986,-243,2543,937,1521,10,75,-2786,-708,-653,-1420,-5,-225,2683,968,1573,10,133,-2909,-706,-695,-1495,-12
Jul-1986,-121,2750,1023,1555,8,164,-2872,-700,-689,-1467,-16,-184,2784,988,1645,9,141,-2968,-714,-716,-1525,-12
Aug-1986,13,3015,1014,1835,8,159,-3002,-718,-750,-1525,-10,-159,2891,1011,1724,9,147,-3050,-717,-760,-1561,-12
Sep-1986,-319,3023,1056,1820,8,139,-3341,-736,-845,-1742,-18,-147,2980,1030,1790,8,152,-3128,-715,-809,-1591,-12
Oct-1986,-195,3147,1028,1934,9,176,-3341,-750,-896,-1687,-8,-142,3032,1036,1830,8,158,-3174,-710,-841,-1611,-12
Nov-1986,-142,2865,999,1734,9,123,-3007,-633,-894,-1469,-12,-119,3047,1031,1847,9,161,-3166,-702,-840,-1612,-12
Dec-1986,16,3154,1092,1873,9,180,-3139,-713,-760,-1654,-12,-78,3036,1022,1845,9,160,-3113,-692,-812,-1597,-12
Jan-1987,-64,2947,992,1753,8,194,-3012,-686,-771,-1543,-11,-30,3024,1019,1837,9,160,-3055,-686,-777,-1580,-12
Feb-1987,-77,3036,985,1887,8,156,-3113,-696,-755,-1651,-11,4,3030,1027,1830,9,165,-3026,-683,-749,-1582,-11
Mar-1987,78,3051,1006,1911,9,125,-2973,-665,-666,-1627,-14,16,3055,1042,1833,9,171,-3038,-687,-737,-1603,-11
Apr-1987,28,3063,1124,1770,9,160,-3035,-698,-752,-1577,-9,15,3089,1064,1836,9,180,-3074,-691,-740,-1633,-10
May-1987,15,3142,1101,1786,9,246,-3127,-689,-769,-1659,-10,13,3121,1087,1838,9,187,-3107,-694,-747,-1658,-8
Jun-1987,-42,3241,1112,1895,9,225,-3283,-715,-819,-1748,-2,30,3158,1111,1842,9,196,-3129,-695,-749,-1678,-7
Jul-1987,-35,3139,1119,1842,9,169,-3174,-706,-707,-1753,-8,57,3212,1134,1862,9,207,-3155,-699,-746,-1702,-7
Aug-1987,266,3323,1118,1999,9,197,-3057,-705,-726,-1617,-10,99,3279,1157,1897,9,217,-3181,-704,-743,-1726,-8
Sep-1987,84,3228,1248,1735,9,236,-3144,-674,-742,-1724,-5,158,3372,1189,1943,10,230,-3214,-714,-741,-1751,-8
Oct-1987,161,3425,1160,2047,11,207,-3264,-741,-698,-1815,-10,223,3489,1234,1995,10,250,-3267,-733,-742,-1784,-8
Nov-1987,426,3865,1312,2142,11,399,-3439,-777,-799,-1853,-10,269,3605,1281,2040,10,273,-3336,-761,-751,-1817,-7
Dec-1987,-94,3482,1267,2054,9,151,-3576,-809,-811,-1951,-4,278,3691,1314,2076,10,290,-3413,-793,-762,-1853,-6
Jan-1988,651,3822,1391,2065,11,355,-3171,-783,-687,-1699,-1,245,3719,1321,2092,10,296,-3474,-819,-770,-1880,-4
Feb-1988,149,3830,1363,2098,11,358,-3681,-890,-795,-1989,-6,176,3683,1299,2082,10,291,-3507,-834,-773,-1896,-4
Mar-1988,54,3658,1264,2135,9,250,-3604,-872,-792,-1937,-3,79,3601,1250,2057,10,284,-3522,-840,-774,-1904,-4
Apr-1988,-162,3251,1101,1925,9,216,-3413,-813,-783,-1814,-3,-13,3506,1189,2032,9,276,-3520,-836,-774,-1904,-5
May-1988,-63,3540,1159,2085,9,287,-3603,-803,-788,-2001,-10,-77,3435,1135,2019,9,271,-3512,-830,-777,-1898,-7
Jun-1988,-86,3293,1097,1905,10,282,-3379,-812,-741,-1820,-7,-109,3401,1108,2015,9,269,-3510,-827,-786,-1888,-9
Jul-1988,-208,3415,1058,2071,9,277,-3622,-881,-820,-1911,-11,-123,3408,1113,2020,9,265,-3531,-832,-809,-1878,-11
Aug-1988,-84,3494,1153,2067,9,265,-3578,-822,-868,-1874,-14,-135,3453,1151,2030,10,262,-3588,-850,-848,-1876,-13
Sep-1988,57,3513,1194,2067,11,241,-3456,-840,-793,-1808,-16,-181,3502,1200,2039,10,253,-3683,-880,-901,-1888,-14
Oct-1988,-418,3554,1310,1970,10,264,-3973,-945,-1019,-1997,-12,-245,3535,1240,2043,10,243,-3780,-912,-950,-1904,-14
Nov-1988,-294,3550,1210,2118,10,212,-3845,-938,-1005,-1891,-10,-305,3555,1260,2049,10,237,-3860,-942,-981,-1923,-14
Dec-1988,-387,3642,1364,2051,11,216,-4029,-984,-1077,-1945,-23,-350,3574,1257,2070,10,236,-3924,-969,-992,-1951,-12
Jan-1989,-406,3589,1275,2048,10,256,-3995,-1008,-943,-2039,-4,-372,3609,1246,2113,10,240,-3981,-991,-990,-1989,-11
Feb-1989,-425,3527,1083,2164,10,269,-3952,-992,-964,-1986,-10,-361,3674,1241,2177,10,246,-4035,-1006,-983,-2036,-10
Mar-1989,-123,3785,1251,2278,10,246,-3908,-994,-913,-1991,-10,-333,3763,1253,2250,11,250,-4096,-1017,-979,-2089,-10
Apr-1989,-419,3865,1283,2341,12,229,-4284,-1042,-1004,-2228,-9,-310,3866,1281,2322,11,253,-4176,-1032,-992,-2141,-11
May-1989,-406,4020,1315,2414,12,279,-4426,-1061,-1103,-2248,-13,-312,3964,1311,2386,11,257,-4276,-1050,-1032,-2182,-13
Jun-1989,-138,4172,1456,2439,10,267,-4310,-1039,-1054,-2199,-18,-326,4046,1330,2440,11,264,-4372,-1064,-1087,-2206,-14
Jul-1989,-315,3917,1239,2433,12,233,-4232,-1056,-1014,-2145,-17,-341,4092,1325,2480,11,276,-4433,-1070,-1132,-2214,-16
Aug-1989,-676,4166,1343,2502,12,309,-4841,-1142,-1395,-2289,-16,-364,4090,1291,2503,11,285,-4454,-1067,-1159,-2211,-17
Sep-1989,-360,4107,1218,2577,10,302,-4468,-1046,-1288,-2118,-15,-386,4057,1240,2515,11,291,-4443,-1053,-1170,-2202,-18
Oct-1989,-414,4029,1193,2503,12,321,-4443,-1004,-1200,-2217,-22,-390,4026,1196,2520,11,299,-4416,-1036,-1165,-2195,-20
Nov-1989,-165,4099,1181,2589,12,317,-4264,-995,-1009,-2235,-25,-371,4016,1171,2524,11,309,-4387,-1019,-1152,-2193,-23
Dec-1989,-407,3745,1073,2427,10,235,-4152,-1022,-969,-2143,-18,-319,4034,1167,2535,11,320,-4353,-1005,-1132,-2191,-25
Jan-1990,-614,4013,1189,2489,11,324,-4627,-1016,-1400,-2179,-31,-207,4074,1175,2557,11,332,-4281,-995,-1103,-2155,-28
Feb-1990,273,4353,1202,2723,11,417,-4080,-960,-1003,-2088,-30,-104,4125,1184,2589,11,340,-4229,-989,-1067,-2143,-29
Mar-1990,7,4262,1288,2567,12,395,-4255,-1027,-984,-2207,-37,5,4176,1193,2630,11,342,-4172,-987,-1035,-2121,-29
Apr-1990,-15,4132,1175,2723,11,223,-4148,-951,-1106,-2068,-23,94,4205,1192,2672,11,330,-4111,-987,-1011,-2086,-27
May-1990,175,4135,1076,2683,11,366,-3960,-993,-868,-2075,-24,152,4211,1180,2711,11,308,-4059,-993,-999,-2042,-26
Jun-1990,238,4123,1050,2738,13,322,-3886,-991,-915,-1954,-26,176,4201,1154,2743,12,293,-4026,-1005,-995,-1999,-26
Jul-1990,73,4207,1210,2758,11,228,-4135,-1034,-1082,-1995,-24,170,4197,1122,2770,12,293,-4027,-1020,-1007,-1970,-30
Aug-1990,-96,4209,1066,2847,11,286,-4306,-1050,-1188,-2036,-32,157,4217,1088,2806,12,311,-4060,-1031,-1024,-1969,-36
Sep-1990,157,4187,1060,2830,13,284,-4030,-1028,-990,-1967,-46,136,4251,1056,2845,12,337,-4115,-1036,-1039,-1998,-42
Oct-1990,274,4357,979,2889,13,476,-4083,-1029,-1032,-1968,-54,140,4292,1029,2888,12,363,-4152,-1034,-1055,-2016,-48
Nov-1990,30,4263,999,2815,13,436,-4233,-1075,-929,-2172,-57,132,4336,1008,2934,12,382,-4204,-1027,-1065,-2060,-51
Dec-1990,73,4471,1047,3114,12,299,-4398,-960,-1340,-2053,-45,155,4382,1004,2974,12,391,-4227,-1020,-1061,-2092,-53
Jan-1991,109,4404,1003,3017,12,372,-4294,-1024,-1053,-2164,-53,210,4423,1021,3007,12,383,-4213,-1017,-1042,-2100,-54
Feb-1991,136,4413,1071,2924,12,406,-4277,-1031,-1093,-2094,-59,283,4454,1053,3022,12,366,-4171,-1018,-1011,-2086,-56
Mar-1991,690,4587,1023,3157,12,395,-3896,-1003,-884,-1955,-55,381,4485,1097,3023,12,353,-4104,-1020,-972,-2053,-59
Apr-1991,262,4385,1167,2919,13,286,-4123,-1042,-928,-2089,-64,486,4523,1146,3014,12,351,-4036,-1022,-937,-2014,-64
May-1991,725,4625,1217,3031,13,364,-3900,-1027,-832,-1975,-66,569,4560,1190,3001,13,357,-3991,-1023,-920,-1980,-68
Jun-1991,500,4514,1232,2966,12,304,-4014,-1034,-974,-1937,-69,593,4586,1222,2984,13,367,-3993,-1023,-939,-1959,-72
Jul-1991,500,4650,1272,2930,13,435,-4150,-1012,-1086,-1966,-87,555,4592,1236,2964,13,379,-4037,-1026,-985,-1951,-74
Aug-1991,861,4745,1235,3054,13,443,-3885,-1000,-935,-1870,-79,477,4579,1232,2943,13,391,-4102,-1037,-1029,-1959,-77
Sep-1991,231,4462,1169,2906,13,374,-4231,-1095,-1009,-2053,-73,389,4559,1218,2934,13,394,-4170,-1055,-1055,-1980,-79
Oct-1991,213,4424,1208,2868,13,334,-4211,-1057,-1080,-2014,-60,316,4539,1201,2938,13,387,-4223,-1081,-1048,-2013,-81
Nov-1991,8,4540,1205,2883,13,439,-4533,-1120,-1285,-2026,-102,274,4529,1194,2948,13,374,-4255,-1113,-1009,-2049,-83
Dec-1991,438,4567,1206,3028,14,320,-4130,-1141,-795,-2099,-95,279,4539,1202,2960,13,363,-4260,-1143,-953,-2078,-86
Jan-1992,446,4644,1182,3059,13,390,-4198,-1176,-825,-2114,-83,311,4565,1222,2969,13,360,-4254,-1167,-906,-2092,-88
Feb-1992,254,4540,1224,2992,13,310,-4286,-1189,-885,-2139,-73,341,4603,1245,2982,13,364,-4261,-1186,-887,-2098,-90
Mar-1992,333,4605,1275,2918,11,401,-4272,-1227,-842,-2096,-107,340,4634,1258,2998,13,366,-4294,-1201,-898,-2104,-91
Apr-1992,376,4710,1353,2983,14,360,-4334,-1202,-952,-2083,-96,298,4662,1259,3022,13,368,-4364,-1214,-936,-2120,-93
May-1992,274,4705,1258,3029,14,404,-4431,-1167,-1068,-2113,-83,239,4704,1254,3063,13,374,-4465,-1227,-994,-2148,-96
Jun-1992,135,4788,1186,3195,12,395,-4653,-1299,-1102,-2153,-98,178,4764,1250,3118,13,382,-4585,-1244,-1054,-2189,-98
Jul-1992,1,4770,1230,3229,14,297,-4769,-1259,-1063,-2339,-108,135,4839,1257,3177,14,391,-4704,-1264,-1100,-2242,-98
Aug-1992,242,4806,1218,3131,14,443,-4564,-1263,-923,-2278,-100,115,4924,1277,3228,14,405,-4809,-1285,-1131,-2297,-96
Sep-1992,163,5216,1388,3345,14,470,-5053,-1303,-1334,-2327,-90,139,5017,1312,3268,14,422,-4877,-1302,-1138,-2343,-94
Oct-1992,-8,5037,1359,3270,15,393,-5045,-1340,-1245,-2377,-83,205,5105,1349,3303,15,439,-4900,-1312,-1120,-2378,-91
Nov-1992,-8,5189,1393,3358,15,423,-5197,-1320,-1392,-2402,-83,272,5164,1371,3333,15,444,-4892,-1316,-1088,-2402,-86
Dec-1992,281,5255,1331,3402,15,507,-4973,-1321,-978,-2574,-100,302,5177,1372,3355,15,435,-4875,-1319,-1051,-2422,-82
Jan-1993,452,5186,1397,3370,14,405,-4734,-1295,-981,-2377,-81,274,5146,1357,3366,14,409,-4872,-1327,-1025,-2442,-79
Feb-1993,362,5198,1380,3428,14,377,-4836,-1338,-1024,-2420,-54,197,5093,1337,3367,14,375,-4896,-1338,-1020,-2462,-76
Mar-1993,-319,4924,1229,3329,13,353,-5243,-1341,-1257,-2557,-88,92,5045,1320,3372,14,339,-4952,-1355,-1042,-2481,-75
Apr-1993,-196,4897,1312,3316,15,255,-5094,-1406,-1143,-2473,-72,-13,5025,1311,3385,14,315,-5037,-1374,-1080,-2507,-76
May-1993,70,5200,1338,3501,15,346,-5130,-1396,-1090,-2559,-85,-81,5047,1309,3403,14,321,-5128,-1393,-1112,-2541,-82
Jun-1993,-114,5083,1318,3441,13,311,-5197,-1397,-1161,-2564,-75,-89,5122,1317,3426,14,365,-5211,-1408,-1135,-2579,-89
Jul-1993,64,5276,1323,3526,15,412,-5213,-1426,-1120,-2574,-92,-56,5226,1331,3453,15,427,-5282,-1418,-1153,-2616,-94
Aug-1993,-141,5252,1350,3493,15,394,-5393,-1406,-1180,-2688,-120,-18,5320,1348,3475,15,482,-5338,-1425,-1171,-2646,-96
Sep-1993,-67,5476,1356,3365,15,739,-5542,-1432,-1315,-2695,-100,11,5380,1366,3486,15,514,-5369,-1428,-1187,-2661,-93
Oct-1993,62,5497,1397,3517,15,568,-5435,-1465,-1222,-2669,-80,30,5403,1387,3481,15,519,-5373,-1426,-1200,-2660,-87
Nov-1993,93,5395,1418,3511,15,451,-5301,-1394,-1226,-2620,-61,50,5401,1413,3469,15,504,-5351,-1419,-1208,-2644,-81
Dec-1993,-283,5264,1420,3535,17,293,-5548,-1424,-1360,-2669,-94,62,5388,1438,3456,15,478,-5325,-1411,-1211,-2626,-77
Jan-1994,45,5332,1448,3335,14,534,-5287,-1418,-1256,-2551,-62,62,5374,1458,3447,15,453,-5312,-1410,-1212,-2614,-75
Feb-1994,263,5324,1414,3436,14,460,-5061,-1363,-1127,-2504,-66,49,5367,1473,3441,15,437,-5318,-1420,-1210,-2613,-76
Mar-1994,-74,5457,1524,3413,15,505,-5530,-1449,-1283,-2693,-105,4,5365,1481,3438,15,431,-5361,-1438,-1217,-2629,-76
Apr-1994,-96,5286,1404,3500,16,366,-5382,-1464,-1221,-2628,-68,-85,5359,1481,3438,15,425,-5444,-1464,-1244,-2661,-74
May-1994,-94,5553,1526,3646,16,366,-5648,-1539,-1295,-2746,-68,-216,5344,1477,3443,15,409,-5560,-1493,-1291,-2707,-69
Jun-1994,-158,5326,1458,3422,14,432,-5483,-1499,-1259,-2663,-62,-360,5335,1476,3453,15,391,-5695,-1520,-1349,-2763,-63
Jul-1994,-515,5302,1473,3435,15,378,-5817,-1545,-1367,-2854,-52,-488,5341,1479,3467,15,380,-5828,-1545,-1407,-2819,-57
Aug-1994,-882,5353,1464,3471,15,403,-6235,-1535,-1684,-2962,-54,-578,5362,1483,3487,15,377,-5940,-1568,-1452,-2867,-53
Sep-1994,-640,5313,1470,3530,15,298,-5953,-1620,-1392,-2880,-60,-629,5387,1480,3515,15,376,-6016,-1587,-1473,-2904,-53
Oct-1994,-493,5578,1532,3585,16,445,-6071,-1602,-1459,-2970,-41,-642,5420,1469,3557,16,378,-6062,-1602,-1475,-2928,-56
Nov-1994,-648,5574,1496,3665,16,397,-6223,-1625,-1607,-2933,-58,-620,5465,1454,3610,16,385,-6085,-1613,-1467,-2946,-60
Dec-1994,-1125,5277,1356,3570,16,335,-6403,-1612,-1801,-2915,-74,-584,5534,1437,3677,16,405,-6119,-1622,-1461,-2972,-64
Jan-1995,-579,5578,1393,3722,15,448,-6157,-1655,-1405,-3028,-69,-565,5614,1419,3750,15,429,-6179,-1630,-1472,-3012,-66
Feb-1995,-450,5719,1428,3835,15,440,-6169,-1557,-1543,-3012,-56,-580,5701,1408,3829,15,449,-6280,-1641,-1504,-3070,-65
Mar-1995,-548,6009,1463,4062,16,468,-6557,-1710,-1568,-3189,-90,-619,5788,1408,3910,16,455,-6408,-1657,-1552,-3136,-63
Apr-1995,-619,5793,1383,3856,16,538,-6412,-1665,-1562,-3155,-30,-649,5873,1419,3993,16,446,-6522,-1678,-1592,-3192,-60
May-1995,-758,5976,1385,4146,16,430,-6734,-1732,-1619,-3318,-66,-647,5950,1434,4065,17,435,-6598,-1694,-1622,-3224,-58
Jun-1995,-766,5761,1445,3971,18,327,-6527,-1612,-1696,-3164,-55,-611,6001,1440,4114,17,430,-6612,-1698,-1634,-3222,-58
Jul-1995,-694,6249,1539,4252,18,440,-6943,-1795,-1660,-3433,-55,-545,6027,1437,4135,18,436,-6572,-1691,-1633,-3189,-59
Aug-1995,-449,6076,1430,4246,18,382,-6526,-1678,-1632,-3137,-78,-448,6057,1441,4145,18,454,-6506,-1676,-1624,-3145,-61
Sep-1995,-17,6162,1451,4119,17,575,-6179,-1635,-1452,-3036,-56,-357,6100,1460,4145,18,477,-6457,-1663,-1622,-3110,-61
Oct-1995,-380,6075,1420,4053,18,583,-6454,-1591,-1742,-3071,-51,-282,6162,1500,4149,18,495,-6444,-1658,-1626,-3098,-62
Nov-1995,-504,5952,1450,4046,18,438,-6457,-1666,-1625,-3091,-74,-220,6240,1558,4167,18,497,-6461,-1654,-1636,-3110,-61
Dec-1995,-159,6450,1727,4315,18,390,-6609,-1710,-1630,-3221,-48,-173,6330,1626,4204,18,482,-6504,-1654,-1647,-3142,-61
Jan-1996,67,6700,1797,4306,17,580,-6634,-1638,-1656,-3273,-66,-128,6417,1688,4246,18,465,-6544,-1654,-1656,-3174,-60
Feb-1996,-381,6300,1691,4143,17,449,-6680,-1702,-1749,-3165,-64,-74,6483,1726,4277,18,462,-6556,-1652,-1655,-3191,-59
Mar-1996,289,6612,1713,4493,19,387,-6324,-1566,-1520,-3184,-54,-19,6507,1732,4282,18,474,-6526,-1646,-1642,-3181,-57
Apr-1996,-91,6418,1727,4174,18,499,-6509,-1646,-1632,-3178,-52,46,6490,1716,4262,18,494,-6445,-1645,-1622,-3124,-54
May-1996,-176,6400,1662,4220,18,501,-6576,-1718,-1659,-3147,-52,61,6452,1693,4233,18,508,-6391,-1654,-1599,-3087,-51
Jun-1996,318,6519,1712,4163,19,625,-6200,-1599,-1630,-2919,-52,63,6410,1671,4211,18,510,-6347,-1675,-1570,-3053,-50
Jul-1996,77,6321,1595,4218,18,490,-6244,-1686,-1423,-3090,-45,38,6366,1653,4195,18,500,-6329,-1700,-1546,-3034,-49
Aug-1996,-90,6339,1689,4206,18,425,-6428,-1795,-1547,-3041,-45,-19,6313,1636,4180,18,479,-6332,-1720,-1532,-3033,-47
Sep-1996,-116,6263,1640,4174,18,431,-6379,-1720,-1558,-3049,-52,-86,6278,1626,4180,18,454,-6364,-1736,-1528,-3055,-45
Oct-1996,-52,6466,1613,4350,18,484,-6518,-1736,-1483,-3239,-60,-42,6375,1636,4287,18,434,-6417,-1745,-1528,-3097,-47
Nov-1996,-328,6214,1600,4233,18,364,-6542,-1763,-1561,-3168,-50,-65,6422,1667,4314,18,424,-6488,-1752,-1535,-3145,-57
Dec-1996,-170,6391,1700,4246,20,425,-6562,-1734,-1605,-3185,-38,-47,6498,1712,4353,18,415,-6545,-1752,-1537,-3183,-72
Jan-1997,38,6742,1787,4457,18,480,-6705,-1736,-1664,-3256,-48,2,6586,1764,4397,19,406,-6583,-1752,-1541,-3207,-83
Feb-1997,111,6963,1884,4686,18,375,-6851,-1859,-1526,-3275,-192,40,6663,1810,4440,19,393,-6623,-1761,-1551,-3221,-90
Mar-1997,45,6503,1838,4280,18,367,-6458,-1679,-1529,-3150,-100,49,6729,1843,4481,20,386,-6680,-1782,-1572,-3229,-98
Apr-1997,-119,6728,1831,4496,22,379,-6847,-1833,-1672,-3231,-112,33,6798,1855,4524,20,398,-6765,-1813,-1598,-3239,-115
May-1997,612,7258,1841,5010,22,385,-6646,-1801,-1581,-3208,-56,3,6881,1853,4574,20,434,-6878,-1855,-1626,-3255,-142
Jun-1997,1533,8734,1894,4547,21,2272,-7201,-1962,-1826,-3324,-89,-10,6991,1848,4636,20,486,-7001,-1901,-1650,-3277,-174
Jul-1997,-97,7108,1883,4726,17,481,-7205,-1962,-1563,-3355,-324,15,7129,1850,4715,19,545,-7114,-1945,-1666,-3302,-201
Aug-1997,106,7391,1874,4859,17,641,-7285,-1992,-1674,-3348,-272,54,7267,1865,4800,18,585,-7213,-1986,-1679,-3336,-211
Sep-1997,233,7454,1864,4861,19,710,-7222,-2007,-1700,-3289,-226,79,7368,1888,4872,17,592,-7289,-2023,-1696,-3373,-197
Oct-1997,26,7287,1893,4848,15,531,-7261,-2044,-1711,-3378,-129,55,7412,1905,4916,16,574,-7357,-2057,-1715,-3418,-167
Nov-1997,182,7559,1935,5053,15,556,-7377,-2069,-1716,-3507,-85,-36,7407,1907,4936,16,548,-7443,-2096,-1734,-3471,-143
Dec-1997,-455,7371,1946,4930,16,479,-7826,-2179,-1870,-3641,-136,-181,7365,1884,4929,15,537,-7546,-2136,-1752,-3517,-140
Jan-1998,-609,7262,1886,4910,16,450,-7870,-2371,-1786,-3615,-99,-344,7323,1842,4917,16,548,-7667,-2182,-1772,-3548,-164
Feb-1998,-345,7300,1746,4918,16,620,-7645,-2201,-1731,-3473,-239,-487,7307,1793,4916,16,582,-7795,-2234,-1793,-3560,-208
Mar-1998,-959,7181,1695,4767,14,705,-8140,-2306,-1790,-3694,-350,-586,7336,1754,4927,18,637,-7921,-2285,-1819,-3564,-252
Apr-1998,-480,7411,1713,4993,21,684,-7891,-2266,-1859,-3498,-268,-642,7396,1744,4950,19,684,-8038,-2330,-1851,-3570,-286
May-1998,-513,7512,1758,5002,21,731,-8025,-2378,-1953,-3446,-248,-669,7475,1765,4977,20,713,-8144,-2365,-1888,-3584,-306
Jun-1998,-727,7700,1855,5184,22,639,-8427,-2524,-1882,-3714,-306,-688,7542,1801,4992,20,731,-8231,-2386,-1922,-3606,-316
Jul-1998,-1020,7419,1771,4780,16,852,-8439,-2319,-1943,-3796,-381,-707,7570,1832,4982,18,739,-8278,-2391,-1941,-3632,-313
Aug-1998,-509,7679,1944,5008,16,711,-8188,-2347,-1907,-3681,-253,-711,7560,1850,4954,15,741,-8271,-2377,-1937,-3661,-297
Sep-1998,-875,7452,1934,4963,15,540,-8327,-2356,-2033,-3650,-288,-709,7509,1860,4910,12,728,-8218,-2354,-1911,-3685,-268
Oct-1998,-870,7486,1730,4795,6,954,-8356,-2407,-1878,-3785,-285,-714,7433,1864,4868,10,691,-8147,-2341,-1879,-3700,-227
Nov-1998,-806,7206,1775,4795,6,630,-8012,-2292,-1798,-3764,-158,-747,7341,1866,4830,10,635,-8088,-2345,-1862,-3699,-182
Dec-1998,-528,7369,1965,4889,6,509,-7897,-2301,-1792,-3761,-44,-842,7229,1862,4787,11,568,-8071,-2364,-1868,-3695,-144
Jan-1999,-926,7151,1936,4702,18,494,-8077,-2364,-1888,-3641,-183,-997,7095,1850,4729,12,503,-8091,-2387,-1897,-3689,-119
Feb-1999,-1324,6794,1812,4637,18,327,-8118,-2507,-1878,-3659,-74,-1167,6953,1826,4664,12,451,-8119,-2404,-1936,-3675,-105
Mar-1999,-1271,7101,1752,4792,18,539,-8372,-2473,-2156,-3605,-138,-1297,6838,1798,4617,11,412,-8136,-2413,-1957,-3668,-97
Apr-1999,-1628,6548,1758,4390,3,397,-8175,-2347,-1998,-3758,-73,-1359,6777,1775,4600,10,392,-8136,-2415,-1956,-3679,-86
May-1999,-1368,6724,1748,4607,3,366,-8092,-2388,-1889,-3708,-107,-1348,6788,1769,4620,8,391,-8136,-2415,-1941,-3706,-75
Jun-1999,-1263,6770,1770,4595,4,400,-8033,-2412,-1889,-3674,-58,-1302,6869,1784,4673,9,403,-8172,-2421,-1933,-3743,-74
Jul-1999,-1002,7169,1809,4934,16,410,-8171,-2436,-1839,-3805,-90,-1257,7010,1815,4754,10,432,-8268,-2439,-1940,-3795,-95
Aug-1999,-1234,7241,1936,4893,16,396,-8475,-2453,-2028,-3944,-49,-1246,7174,1845,4846,13,471,-8420,-2461,-1970,-3855,-133
Sep-1999,-1801,7337,1852,4898,18,569,-9139,-2538,-2610,-3898,-93,-1253,7346,1868,4955,16,507,-8599,-2481,-2021,-3922,-175
Oct-1999,-908,8038,1840,5429,19,750,-8947,-2519,-2107,-3875,-445,-1253,7529,1888,5087,20,534,-8782,-2496,-2085,-3992,-209
Nov-1999,-1227,7853,1912,5172,19,750,-9081,-2494,-2173,-4214,-199,-1199,7720,1909,5245,26,539,-8918,-2509,-2137,-4053,-219
Dec-1999,-920,7979,1974,5551,19,436,-8899,-2455,-2069,-4192,-184,-1080,7925,1936,5427,33,529,-9005,-2531,-2170,-4099,-205
Jan-2000,-1194,7946,1907,5487,49,503,-9140,-2565,-2416,-4021,-138,-934,8142,1967,5621,37,518,-9076,-2560,-2191,-4145,-179
Feb-2000,-671,8600,2043,6018,49,490,-9271,-2651,-2188,-4273,-160,-798,8375,2001,5818,37,519,-9173,-2603,-2210,-4203,-157
Mar-2000,-689,8667,2044,5979,49,595,-9356,-2692,-2259,-4281,-124,-716,8600,2037,5998,32,533,-9317,-2664,-2233,-4274,-146
Apr-2000,-342,8575,2081,6047,8,439,-8916,-2660,-2034,-4138,-84,-691,8797,2070,6153,26,549,-9488,-2735,-2257,-4348,-148
May-2000,-1330,8979,2087,6226,8,658,-10309,-2813,-2356,-4880,-259,-929,8964,2106,6285,20,553,-9892,-2803,-2273,-4664,-152
Jun-2000,-1211,9341,2115,6618,7,601,-10552,-2819,-2676,-4878,-180,-901,9127,2155,6413,17,542,-10028,-2865,-2286,-4734,-143
Jul-2000,-707,9363,2269,6584,25,485,-10070,-3057,-2243,-4677,-94,-827,9308,2218,6556,16,519,-10135,-2925,-2297,-4785,-128
Aug-2000,-1010,9152,2235,6458,25,434,-10162,-2982,-2329,-4792,-59,-712,9499,2287,6705,16,490,-10211,-2983,-2291,-4825,-112
Sep-2000,-551,9536,2302,6786,25,422,-10086,-2917,-2221,-4834,-114,-554,9674,2350,6844,16,465,-10228,-3024,-2261,-4844,-99
Oct-2000,-387,10104,2497,7054,5,548,-10491,-2988,-2408,-4994,-100,-374,9803,2394,6945,14,451,-10177,-3041,-2218,-4825,-93
Nov-2000,-291,10253,2512,7291,5,446,-10544,-3218,-2250,-4982,-94,-194,9897,2419,7019,11,449,-10092,-3042,-2172,-4781,-96
Dec-2000,-240,9769,2314,7063,4,388,-10009,-3083,-2097,-4683,-146,-27,9976,2435,7073,9,460,-10004,-3037,-2132,-4728,-107
Jan-2001,-192,9578,2256,6831,14,477,-9770,-2925,-2156,-4605,-84,100,10049,2452,7112,9,476,-9949,-3030,-2123,-4673,-124
Feb-2001,985,10514,2426,7537,14,537,-9529,-2887,-2144,-4372,-126,239,10135,2478,7149,11,497,-9895,-3023,-2094,-4633,-146
Mar-2001,282,10328,2557,7233,12,526,-10046,-3119,-2067,-4703,-157,357,10244,2514,7197,12,520,-9886,-3018,-2076,-4623,-169
Apr-2001,305,10568,2618,7454,12,484,-10263,-3108,-2039,-4910,-206,464,10366,2561,7255,13,538,-9902,-3017,-2067,-4632,-186
May-2001,482,10542,2575,7192,12,763,-10060,-2964,-2091,-4626,-379,537,10467,2606,7302,12,547,-9931,-3023,-2067,-4649,-191
Jun-2001,614,10640,2640,7275,14,712,-10027,-3022,-2088,-4684,-233,559,10511,2638,7311,12,549,-9952,-3034,-2077,-4654,-187
Jul-2001,842,10565,2615,7426,13,511,-9723,-3023,-2055,-4544,-100,531,10479,2648,7269,14,548,-9948,-3042,-2087,-4640,-179
Aug-2001,259,10247,2675,7039,13,521,-9988,-3071,-2147,-4628,-143,454,10394,2636,7192,17,549,-9940,-3048,-2106,-4616,-171
Sep-2001,432,10418,2649,7215,13,541,-9986,-3018,-2294,-4522,-152,320,10283,2605,7107,21,550,-9963,-3061,-2142,-4589,-171
Oct-2001,-215,10301,2569,7101,32,599,-10515,-3161,-2331,-4760,-264,148,10171,2563,7032,24,552,-10023,-3083,-2193,-4569,-178
Nov-2001,-72,9947,2513,6804,32,599,-10019,-3148,-2214,-4511,-145,-11,10083,2517,6990,25,550,-10094,-3110,-2245,-4548,-190
Dec-2001,-65,9763,2400,6907,31,426,-9829,-2997,-2179,-4423,-229,-123,10030,2481,6977,24,549,-10154,-3140,-2285,-4528,-200
Jan-2002,-258,10097,2432,7000,13,652,-10355,-3131,-2555,-4511,-158,-192,10007,2462,6979,21,545,-10198,-3173,-2302,-4519,-205
Feb-2002,-437,10105,2509,7090,13,492,-10541,-3460,-2327,-4516,-239,-238,9994,2455,6974,18,547,-10232,-3203,-2310,-4510,-209
Mar-2002,-82,10096,2487,7032,14,563,-10178,-3186,-2214,-4592,-185,-284,9988,2456,6954,17,561,-10271,-3233,-2320,-4506,-213
Apr-2002,-206,9990,2414,7036,24,516,-10196,-3243,-2209,-4469,-275,-333,9976,2452,6928,20,576,-10309,-3264,-2332,-4501,-213
May-2002,-823,9813,2497,6602,24,689,-10635,-3259,-2657,-4581,-138,-416,9954,2441,6900,26,587,-10370,-3298,-2361,-4503,-208
Jun-2002,-725,9782,2396,6825,25,536,-10506,-3306,-2461,-4465,-275,-528,9929,2426,6881,33,589,-10457,-3335,-2404,-4519,-199
Jul-2002,-596,10095,2343,7038,44,671,-10691,-3409,-2654,-4454,-174,-678,9913,2412,6880,37,584,-10591,-3374,-2456,-4565,-196
Aug-2002,-791,10048,2471,6982,44,550,-10839,-3441,-2401,-4841,-156,-837,9923,2401,6906,37,579,-10760,-3413,-2494,-4654,-198
Sep-2002,-1028,9734,2340,6918,43,433,-10762,-3469,-2502,-4617,-173,-986,9946,2384,6951,33,577,-10933,-3450,-2503,-4768,-212
Oct-2002,-1464,10029,2394,6895,17,723,-11493,-3450,-2729,-5006,-308,-1109,9978,2355,7005,28,590,-11087,-3473,-2499,-4881,-234
Nov-2002,-1160,9843,2335,6933,17,558,-11003,-3508,-2346,-4929,-220,-1227,9995,2311,7052,21,611,-11221,-3488,-2501,-4975,-257
Dec-2002,-2434,10002,2216,7153,15,618,-12436,-3497,-3574,-5052,-313,-1350,9964,2247,7074,16,628,-11313,-3498,-2509,-5034,-272
Jan-2003,-1136,10377,2174,7311,13,879,-11513,-3521,-2322,-5202,-468,-1487,9866,2160,7062,13,631,-11353,-3505,-2522,-5050,-276
Feb-2003,-1670,9814,2055,6868,13,878,-11484,-3595,-2731,-4773,-384,-1659,9678,2058,6988,12,620,-11338,-3507,-2545,-5021,-264
Mar-2003,-1602,9626,2002,6976,12,637,-11228,-3372,-2567,-5086,-204,-1854,9415,1949,6852,13,601,-11269,-3500,-2580,-4947,-242
Apr-2003,-2388,8901,1848,6574,13,466,-11289,-3544,-2625,-4946,-174,-2028,9136,1846,6688,13,588,-11164,-3484,-2624,-4836,-220
May-2003,-2047,8789,1703,6504,13,569,-10836,-3486,-2459,-4658,-232,-2148,8907,1767,6538,12,591,-11055,-3470,-2659,-4720,-206
Jun-2003,-2295,8822,1689,6452,15,666,-11117,-3472,-2869,-4588,-188,-2186,8760,1718,6430,11,600,-10946,-3467,-2669,-4611,-199
Jul-2003,-2274,8447,1718,6180,7,543,-10721,-3416,-2757,-4371,-177,-2167,8694,1704,6369,10,610,-10861,-3475,-2661,-4525,-200
Aug-2003,-1747,8939,1703,6476,7,753,-10686,-3442,-2536,-4508,-200,-2116,8691,1727,6336,11,618,-10808,-3491,-2646,-4463,-208
Sep-2003,-2187,8818,1826,6396,8,588,-11005,-3605,-2609,-4495,-296,-2061,8719,1782,6301,13,624,-10780,-3511,-2632,-4417,-219
Oct-2003,-2290,8672,1853,6211,19,589,-10962,-3577,-2601,-4587,-196,-2018,8744,1855,6254,14,621,-10762,-3534,-2616,-4386,-226
Nov-2003,-1707,8677,1860,6265,19,533,-10384,-3493,-2529,-4188,-174,-1998,8755,1927,6197,14,617,-10753,-3558,-2600,-4362,-233
Dec-2003,-2199,8814,2011,6145,19,639,-11013,-3548,-2709,-4484,-272,-1978,8771,1986,6158,13,615,-10749,-3580,-2575,-4358,-237
Jan-2004,-1851,9098,2171,6165,4,758,-10948,-3678,-2711,-4281,-279,-1951,8840,2040,6182,10,608,-10791,-3607,-2555,-4394,-235
Feb-2004,-1887,8738,2112,6079,4,543,-10625,-3524,-2399,-4523,-179,-1933,8994,2101,6290,8,596,-10927,-3651,-2566,-4481,-229
Mar-2004,-2242,8944,2016,6468,5,454,-11185,-3709,-2570,-4646,-260,-1936,9234,2175,6477,7,575,-11169,-3711,-2630,-4607,-221
Apr-2004,-1665,9609,2166,6755,10,678,-11274,-3701,-2585,-4777,-212,-1963,9519,2258,6706,8,546,-11482,-3778,-2745,-4746,-213
May-2004,-1917,9825,2366,6972,10,477,-11742,-3891,-2766,-4930,-155,-1989,9812,2335,6945,10,522,-11801,-3839,-2879,-4876,-206
Jun-2004,-2137,10512,2599,7427,11,476,-12649,-3959,-3428,-5029,-234,-2014,10070,2391,7160,13,506,-12084,-3890,-3002,-4990,-203
Jul-2004,-2453,10028,2391,7065,17,555,-12481,-3967,-3267,-5066,-180,-2065,10242,2408,7318,14,501,-12307,-3921,-3088,-5094,-204
Aug-2004,-1778,10268,2347,7471,17,433,-12046,-3844,-2881,-5056,-265,-2116,10319,2377,7421,14,507,-12435,-3926,-3116,-5185,-207
Sep-2004,-2081,10406,2291,7530,16,569,-12487,-4008,-2989,-5321,-169,-2152,10328,2308,7486,13,521,-12480,-3920,-3095,-5254,-211
Oct-2004,-2148,10357,2196,7642,7,513,-12506,-3900,-3070,-5330,-206,-2189,10290,2225,7510,11,543,-12479,-3919,-3050,-5297,-213
Nov-2004,-2450,10202,2187,7470,7,538,-12652,-3901,-3117,-5432,-203,-2211,10249,2151,7529,10,559,-12460,-3933,-2999,-5319,-211
Dec-2004,-2359,10191,2048,7517,7,619,-12550,-3856,-3039,-5394,-261,-2196,10267,2094,7600,11,563,-12464,-3961,-2959,-5338,-205
Jan-2005,-1898,10585,2053,7890,15,627,-12482,-4316,-2793,-5181,-193,-2120,10384,2053,7759,12,560,-12504,-3993,-2940,-5369,-203
Feb-2005,-2219,10328,2106,7709,15,498,-12546,-4211,-2940,-5232,-163,-1968,10615,2028,8023,13,551,-12583,-4018,-2936,-5430,-199
Mar-2005,-2393,10312,1887,7939,16,470,-12705,-3929,-2877,-5681,-218,-1765,10949,2021,8372,13,542,-12714,-4039,-2959,-5517,-200
Apr-2005,-956,11938,2070,9349,10,509,-12894,-4069,-2956,-5692,-177,-1585,11304,2029,8723,12,539,-12889,-4064,-3001,-5612,-212
May-2005,-1312,11924,2070,9144,10,701,-13237,-4034,-3205,-5734,-263,-1454,11597,2045,8999,11,542,-13050,-4084,-3037,-5693,-235
Jun-2005,-1587,11587,2049,9090,8,440,-13174,-4088,-3147,-5674,-264,-1397,11774,2060,9161,8,545,-13172,-4105,-3060,-5749,-258
Jul-2005,-1150,12125,2108,9471,5,541,-13274,-4152,-3054,-5892,-176,-1375,11872,2066,9255,6,545,-13247,-4127,-3074,-5776,-270
Aug-2005,-1617,11717,2069,9047,5,596,-13335,-4266,-3024,-5601,-444,-1404,11918,2067,9311,3,536,-13322,-4158,-3107,-5785,-272
Sep-2005,-1689,11658,2041,9119,6,492,-13347,-4219,-2954,-5879,-295,-1469,11973,2066,9385,1,522,-13442,-4191,-3169,-5808,-274
Oct-2005,-1387,12149,2070,9571,-4,512,-13536,-3950,-3414,-6032,-140,-1510,12094,2068,9524,0,502,-13604,-4222,-3250,-5854,-278
Nov-2005,-2054,12313,2029,9847,-4,441,-14368,-4414,-3626,-6074,-254,-1498,12293,2083,9728,1,481,-13791,-4260,-3335,-5909,-287
Dec-2005,-658,13423,2127,10321,-3,978,-14081,-4323,-3493,-5906,-359,-1141,12861,2100,9922,3,834,-14001,-4307,-3396,-5986,-312
Jan-2006,-2235,12315,2164,9369,15,767,-14550,-4447,-3570,-6086,-446,-1220,13027,2115,10085,7,820,-14248,-4368,-3423,-6096,-360
Feb-2006,-600,13640,2094,10736,15,795,-14240,-4322,-3161,-6386,-371,-1334,13200,2123,10223,11,842,-14534,-4439,-3418,-6246,-430
Mar-2006,-1247,13179,2175,10307,13,684,-14426,-4444,-3441,-6222,-319,-1433,13388,2127,10357,15,889,-14820,-4514,-3392,-6414,-500
Apr-2006,-1380,13789,2103,10517,16,1154,-15170,-4675,-3398,-6438,-659,-1454,13595,2133,10506,16,939,-15049,-4580,-3362,-6573,-534
May-2006,-2745,13169,2098,10139,16,916,-15914,-4655,-3553,-7024,-681,-1418,13803,2151,10657,17,979,-15221,-4639,-3347,-6697,-538
Jun-2006,-999,14566,2169,11170,17,1211,-15566,-4726,-3489,-6779,-571,-1341,13977,2183,10789,17,989,-15318,-4695,-3339,-6756,-527
Jul-2006,-866,14220,2239,11144,16,820,-15086,-4724,-3126,-6785,-451,-1251,14086,2222,10883,16,964,-15336,-4739,-3341,-6755,-502
Aug-2006,-745,14111,2275,10901,16,919,-14856,-4744,-3316,-6564,-233,-1180,14119,2252,10942,15,911,-15299,-4768,-3355,-6710,-466
Sep-2006,-1457,13806,2269,10727,15,795,-15262,-4706,-3470,-6656,-430,-1117,14133,2259,11002,13,858,-15250,-4794,-3379,-6639,-438
Oct-2006,-1733,14240,2265,11027,10,938,-15973,-4958,-3501,-6766,-748,-1126,14127,2238,11051,12,827,-15253,-4827,-3420,-6582,-425
Nov-2006,-747,14178,2234,11266,10,668,-14925,-4847,-3314,-6440,-324,-1193,14137,2192,11114,10,821,-15330,-4867,-3461,-6578,-424
Dec-2006,-1602,14008,2076,11024,9,899,-15610,-4858,-3615,-6868,-269,-1263,14179,2134,11209,10,827,-15443,-4904,-3489,-6635,-415
Jan-2007,-1492,14294,2032,11415,13,834,-15786,-4840,-3918,-6596,-432,-1324,14242,2073,11308,12,848,-15566,-4930,-3508,-6731,-397
Feb-2007,-1371,14550,2052,11512,13,973,-15922,-5116,-3547,-6703,-556,-1385,14262,2019,11350,16,876,-15647,-4934,-3513,-6811,-389
Mar-2007,-1930,13918,1985,11114,12,807,-15848,-4872,-3591,-7123,-262,-1510,14249,1974,11333,21,920,-15759,-4920,-3512,-6913,-415
Apr-2007,-1521,14406,1949,11499,33,925,-15927,-4978,-3405,-7076,-468,-1642,14227,1942,11291,25,970,-15869,-4900,-3513,-6983,-474
May-2007,-1711,14324,1902,11351,33,1037,-16035,-4790,-3818,-7007,-421,-1779,14185,1923,11228,27,1008,-15964,-4885,-3515,-7022,-541
Jun-2007,-2407,13780,1887,10734,34,1125,-16187,-4833,-3678,-6952,-723,-1929,14110,1912,11143,26,1029,-16039,-4882,-3521,-7038,-598
Jul-2007,-1641,14187,1935,11222,15,1015,-15828,-4868,-3253,-6999,-708,-2087,14035,1911,11072,24,1029,-16122,-4898,-3536,-7052,-635
Aug-2007,-2215,14390,1903,11355,15,1117,-16605,-5031,-3730,-7099,-745,-2178,14039,1925,11084,22,1008,-16216,-4940,-3562,-7074,-640
Sep-2007,-2732,13616,2026,10764,16,810,-16348,-5049,-3701,-7165,-433,-2592,13756,1952,10796,20,987,-16348,-5002,-3597,-7131,-618
Oct-2007,-3201,13231,1915,10333,24,959,-16432,-4984,-3450,-7361,-637,-2587,13936,1985,10954,19,977,-16523,-5077,-3638,-7224,-585
Nov-2007,-2104,14386,1980,11299,24,1083,-16490,-5121,-3679,-7061,-629,-2534,14209,2023,11170,18,998,-16743,-5159,-3683,-7334,-567
Dec-2007,-2266,14964,2151,11903,24,885,-17230,-5238,-4094,-7556,-342,-2451,14565,2070,11438,16,1042,-17017,-5241,-3728,-7474,-574
Jan-2008,-2161,15470,2142,12121,6,1201,-17631,-5405,-3781,-7694,-752,-2334,15009,2130,11789,13,1077,-17343,-5322,-3771,-7649,-601
Feb-2008,-3297,14716,2117,11418,6,1175,-18013,-5381,-4025,-7928,-679,-2186,15521,2191,12231,12,1088,-17707,-5387,-3814,-7876,-631
Mar-2008,-2352,15887,2188,12709,8,983,-18240,-5450,-4209,-7975,-606,-2015,16058,2239,12726,13,1080,-18073,-5423,-3865,-8130,-655
Apr-2008,-1049,17145,2373,13486,24,1263,-18194,-5333,-3858,-8274,-729,-1804,16605,2260,13260,18,1067,-18409,-5424,-3926,-8381,-678
May-2008,-1644,17421,2387,14111,24,899,-19065,-5577,-3930,-8904,-655,-1465,17261,2263,13894,27,1077,-18726,-5399,-4007,-8619,-700
Jun-2008,-1216,17938,2214,14820,23,882,-19154,-5454,-4231,-8756,-713,-951,18131,2269,14706,35,1121,-19082,-5371,-4116,-8858,-737
Jul-2008,-998,18520,2151,14885,48,1435,-19518,-5374,-4060,-9277,-806,-347,19157,2294,15631,37,1195,-19504,-5366,-4228,-9110,-800
Aug-2008,273,19637,2312,15998,48,1279,-19364,-5381,-4426,-8718,-840,208,20135,2340,16494,33,1269,-19927,-5408,-4331,-9321,-868
Sep-2008,378,21052,2326,17365,48,1313,-20674,-5388,-4462,-9817,-1007,661,20872,2402,17123,23,1324,-20210,-5462,-4405,-9405,-938
Oct-2008,2527,22965,2709,18739,-11,1528,-20439,-5484,-4405,-9702,-848,1084,21331,2475,17452,14,1390,-20247,-5499,-4423,-9302,-1022
Nov-2008,935,21994,2539,18070,-11,1397,-21059,-5673,-4422,-9493,-1471,1462,21467,2548,17421,9,1489,-20005,-5501,-4382,-9016,-1106
Dec-2008,-186,19871,2522,16001,-10,1358,-20057,-5665,-5158,-8431,-803,1904,21223,2598,17013,10,1601,-19319,-5457,-4297,-8397,-1169
Jan-2009,845,19386,2538,15377,38,1433,-18541,-5416,-4755,-7385,-985,1976,20602,2614,16270,16,1701,-18627,-5374,-4176,-7889,-1188
Feb-2009,2784,20740,2574,15917,38,2212,-17956,-4703,-4398,-7086,-1768,1793,19687,2597,15326,24,1740,-17895,-5293,-4035,-7426,-1141
Mar-2009,2462,20479,2787,15545,38,2109,-18017,-5546,-4198,-7310,-962,1347,18584,2546,14342,30,1665,-17237,-5244,-3892,-7085,-1015
Apr-2009,79,16799,2454,12995,25,1325,-16720,-5299,-3670,-7093,-657,660,17424,2468,13430,33,1493,-16764,-5241,-3769,-6914,-840
May-2009,-928,15126,2253,11870,25,978,-16054,-5123,-3522,-6662,-746,-160,16339,2367,12661,33,1278,-16499,-5275,-3690,-6869,-664
Jun-2009,-1019,15117,2242,11709,25,1141,-16137,-5389,-3543,-6795,-410,-943,15452,2251,12077,32,1091,-16394,-5321,-3659,-6881,-534
Jul-2009,-1525,15102,2143,12086,38,835,-16627,-5480,-3661,-7165,-321,-1500,14902,2144,11736,32,991,-16402,-5353,-3669,-6910,-470
Aug-2009,-1463,14643,2091,11678,38,836,-16106,-5248,-3696,-6739,-423,-1758,14757,2067,11662,30,998,-16515,-5361,-3712,-6961,-481
Sep-2009,-2019,15497,2057,12025,37,1378,-17515,-5407,-3999,-7325,-784,-1785,14908,2027,11788,26,1066,-16693,-5366,-3770,-7035,-522
Oct-2009,-1813,15186,1930,12090,10,1156,-16999,-5388,-4075,-6974,-563,-1760,15132,2022,11967,21,1122,-16892,-5394,-3833,-7128,-536
Nov-2009,-1682,15022,2014,11874,10,1125,-16705,-5392,-3750,-7056,-507,-1699,15366,2035,12174,15,1142,-17065,-5428,-3891,-7220,-526
Dec-2009,-1779,15626,2084,12457,9,1075,-17404,-5296,-4104,-7489,-515,-1553,15684,2062,12481,11,1130,-17237,-5476,-3953,-7301,-508
Jan-2010,-823,16573,2169,13151,13,1240,-17396,-5449,-3999,-7534,-414,-1294,16177,2093,12962,10,1111,-17471,-5540,-4042,-7378,-510
Feb-2010,-958,16693,2142,13644,13,894,-17651,-5756,-4026,-7347,-522,-880,16896,2127,13643,12,1114,-17776,-5612,-4158,-7454,-552
Mar-2010,-1390,16991,2180,13592,11,1209,-18382,-5719,-4478,-7727,-457,-307,17808,2171,14473,16,1148,-18116,-5683,-4280,-7537,-615
Apr-2010,897,19119,2089,15845,24,1161,-18222,-5552,-4504,-7353,-813,340,18768,2222,15343,19,1184,-18428,-5754,-4377,-7638,-659
May-2010,1260,20149,2267,15926,24,1932,-18889,-5882,-4488,-7633,-887,970,19581,2279,16080,22,1200,-18611,-5815,-4413,-7729,-654
Jun-2010,2166,21208,2362,17364,23,1459,-19041,-5959,-4434,-7991,-657,1489,20134,2338,16566,24,1206,-18645,-5861,-4384,-7787,-613
Jul-2010,1824,20773,2539,16967,25,1241,-18948,-5856,-4766,-7939,-387,1822,20382,2382,16774,25,1201,-18560,-5890,-4312,-7800,-557
Aug-2010,1617,19898,2403,16631,25,839,-18281,-5862,-4233,-7882,-305,2010,20393,2399,16765,25,1204,-18383,-5897,-4223,-7755,-508
Sep-2010,1657,19706,2256,16279,25,1146,-18048,-5928,-4018,-7601,-501,2047,20239,2395,16605,25,1214,-18192,-5876,-4166,-7672,-478
Oct-2010,1755,20118,2492,16051,25,1550,-18363,-5802,-4568,-7392,-602,2030,20083,2385,16437,25,1236,-18053,-5822,-4153,-7614,-464
Nov-2010,2072,20302,2341,16707,25,1229,-18231,-5795,-4249,-7600,-588,2014,20034,2392,16372,26,1245,-18020,-5752,-4179,-7631,-458
Dec-2010,1647,20092,2370,16592,25,1105,-18445,-5733,-4381,-7943,-387,2014,20139,2429,16434,25,1252,-18125,-5692,-4220,-7775,-438
Jan-2011,1905,19862,2336,15971,22,1534,-17958,-5560,-4445,-7666,-286,1771,20389,2495,16627,23,1244,-18618,-5651,-4537,-8029,-401
Feb-2011,440,19390,2654,15868,22,846,-18950,-5603,-4683,-8325,-339,1820,20672,2573,16869,20,1210,-18852,-5637,-4521,-8328,-365
Mar-2011,2665,21931,2610,17955,23,1343,-19266,-5563,-4314,-8966,-423,1865,20976,2647,17133,15,1181,-19111,-5660,-4484,-8614,-352
Apr-2011,1978,21198,2762,17358,2,1076,-19220,-5499,-4652,-8677,-391,1951,21317,2711,17408,9,1189,-19366,-5711,-4456,-8835,-363
May-2011,2345,21922,2774,17529,2,1617,-19577,-5633,-4313,-9264,-368,2085,21692,2771,17701,3,1218,-19607,-5778,-4475,-8957,-396
Jun-2011,1734,21454,2839,17883,2,730,-19720,-5632,-4862,-8836,-390,2222,22068,2831,17999,-1,1239,-19846,-5841,-4562,-8993,-450
Jul-2011,1326,21764,2780,17673,-2,1312,-20437,-5917,-5067,-8910,-543,2094,22456,2901,18274,-1,1281,-20362,-5884,-4987,-8973,-518
Aug-2011,2670,23487,2963,18857,-2,1670,-20818,-5997,-5157,-9115,-549,2192,22808,2976,18491,4,1336,-20616,-5918,-5143,-8965,-589
Sep-2011,2011,23034,3063,18652,-3,1322,-21022,-5899,-5800,-8735,-588,2149,23015,3028,18593,12,1382,-20865,-5946,-5281,-8991,-647
Oct-2011,1704,23115,3134,18843,35,1103,-21411,-6009,-5643,-8863,-897,1937,22973,3031,18510,21,1411,-21036,-5964,-5370,-9028,-674
Nov-2011,1272,22903,3079,18320,35,1469,-21631,-5823,-5738,-9388,-682,1516,22610,2982,18198,28,1402,-21094,-5977,-5409,-9049,-659
Dec-2011,1712,22896,2887,18026,35,1948,-21185,-6104,-5403,-9180,-498,988,22062,2897,17778,31,1357,-21074,-5993,-5405,-9066,-610
Jan-2012,-1514,20582,2785,16916,26,856,-22096,-6193,-6041,-9335,-526,113,21533,2812,17385,31,1306,-21420,-6020,-5785,-9067,-548
Feb-2012,261,20552,2542,16759,26,1225,-20291,-5744,-5562,-8449,-536,-208,21245,2763,17161,27,1295,-21452,-6061,-5814,-9078,-499
Mar-2012,-902,20791,2774,16685,26,1305,-21693,-6119,-5913,-9215,-446,-328,21235,2767,17139,21,1308,-21563,-6107,-5878,-9110,-468
Apr-2012,-36,21733,2876,17569,12,1276,-21769,-6286,-5822,-9258,-403,-336,21362,2810,17201,17,1334,-21698,-6140,-5939,-9157,-462
May-2012,-174,22065,2918,17675,12,1460,-22239,-6202,-6132,-9394,-511,-309,21462,2872,17198,15,1377,-21771,-6152,-5939,-9203,-478
Jun-2012,-51,21856,3011,17131,11,1704,-21907,-6107,-6263,-9008,-529,-360,21386,2933,17006,15,1432,-21746,-6142,-5874,-9231,-499
Jul-2012,-540,21257,2895,17061,19,1282,-21797,-6147,-5603,-9516,-531,-533,21102,2982,16638,15,1466,-21635,-6124,-5757,-9234,-520
Aug-2012,-1034,20139,2971,15869,19,1280,-21173,-6101,-5636,-9048,-388,-784,20690,3010,16192,16,1470,-21473,-6105,-5615,-9223,-530
Sep-2012,-906,19835,2986,15300,19,1530,-20741,-5970,-5088,-9000,-683,-982,20318,3014,15813,18,1473,-21299,-6106,-5482,-9192,-519
Oct-2012,-1001,20230,3140,15438,18,1635,-21231,-6149,-5366,-9171,-545,-1063,20101,3002,15619,19,1462,-21164,-6154,-5365,-9160,-485
Nov-2012,-1566,20347,3076,15764,18,1489,-21913,-6334,-5745,-9468,-366,-957,20064,2977,15635,20,1432,-21021,-6224,-5254,-9103,-440
Dec-2012,-263,20335,2865,16237,16,1217,-20598,-6218,-4923,-9080,-377,-703,20173,2955,15805,21,1392,-20876,-6287,-5151,-9039,-399
Jan-2013,-580,20000,2781,15763,28,1427,-20580,-6350,-5164,-8718,-348,-338,20385,2951,16059,24,1351,-20723,-6329,-5055,-8968,-371
Feb-2013,-21,20543,3011,16220,28,1284,-20564,-6451,-5042,-8731,-339,47,20642,2975,16330,26,1311,-20595,-6347,-4985,-8903,-360
Mar-2013,838,21188,3059,16936,27,1166,-20350,-6476,-4417,-9090,-367,365,20934,3034,16591,28,1281,-20569,-6360,-4978,-8863,-368
Apr-2013,387,21084,3124,16625,29,1306,-20697,-6093,-5323,-8836,-446,567,21277,3110,16882,29,1256,-20710,-6391,-5050,-8879,-390
May-2013,743,22031,3225,17323,29,1455,-21288,-6471,-5207,-9191,-419,648,21654,3183,17214,30,1227,-21007,-6460,-5176,-8962,-408
Jun-2013,1020,21820,3205,17425,27,1164,-20800,-6552,-5324,-8565,-360,641,21991,3220,17533,30,1208,-21350,-6550,-5289,-9093,-418
Jul-2013,-61,21870,3225,17675,31,939,-21931,-6631,-5375,-9523,-401,617,22244,3215,17798,30,1202,-21627,-6636,-5339,-9234,-419
Aug-2013,575,22997,3304,18410,31,1252,-22422,-6933,-5462,-9519,-508,625,22435,3195,18001,28,1210,-21809,-6702,-5318,-9381,-409
Sep-2013,899,22771,3139,18352,30,1249,-21872,-6666,-5317,-9529,-360,731,22633,3191,18190,26,1225,-21902,-6738,-5253,-9521,-390
Oct-2013,835,22707,3177,18116,18,1396,-21872,-6792,-4962,-9757,-361,942,22886,3224,18390,23,1249,-21943,-6748,-5199,-9629,-367
Nov-2013,839,22412,3059,17994,18,1340,-21573,-6536,-5164,-9553,-319,1207,23201,3297,18616,19,1269,-21994,-6754,-5204,-9693,-343
Dec-2013,1567,23557,3433,19143,19,962,-21990,-6798,-5227,-9614,-351,1405,23509,3384,18841,16,1268,-22104,-6781,-5267,-9733,-323
Jan-2014,2108,24079,3671,19010,12,1386,-21971,-6927,-4768,-10020,-256,1964,23668,3449,18970,14,1235,-21704,-6819,-4810,-9762,-314
Feb-2014,2281,24135,3516,19357,12,1250,-21854,-6856,-5009,-9633,-356,1728,23604,3472,18925,12,1195,-21876,-6858,-4881,-9820,-317
Mar-2014,1631,23581,3515,18857,11,1198,-21950,-6843,-4889,-9904,-315,1305,23303,3447,18693,13,1150,-21997,-6877,-4928,-9872,-321
Apr-2014,482,22733,3266,18383,17,1067,-22251,-6943,-4997,-10002,-308,762,22797,3387,18287,15,1108,-22035,-6866,-4947,-9903,-318
May-2014,-639,21572,3187,17362,17,1006,-22211,-6867,-5076,-9922,-346,228,22238,3323,17801,18,1096,-22010,-6842,-4953,-9902,-313
Jun-2014,-262,21477,3294,17092,17,1074,-21739,-6723,-4866,-9817,-333,-197,21782,3275,17373,23,1111,-21980,-6822,-4981,-9871,-306
Jul-2014,-79,21976,3414,17305,33,1223,-22055,-6855,-4796,-10149,-255,-462,21522,3260,17089,27,1146,-21984,-6824,-5047,-9813,-301
Aug-2014,-30,21426,3212,17210,33,970,-21455,-6761,-5306,-9158,-230,-576,21432,3259,16956,31,1186,-22008,-6845,-5155,-9714,-295
Sep-2014,-1434,21170,3272,16306,35,1557,-22604,-6992,-5319,-9926,-367,-598,21460,3271,16948,34,1207,-22058,-6891,-5291,-9586,-290
Oct-2014,-273,21798,3253,17161,34,1350,-22072,-6924,-5341,-9475,-331,-570,21575,3308,17012,35,1220,-22144,-6962,-5432,-9460,-290
Nov-2014,-1042,21493,3344,17286,34,829,-22535,-7083,-5743,-9468,-241,-561,21699,3377,17050,35,1237,-22259,-7052,-5552,-9362,-293
Dec-2014,-197,21675,3517,16864,35,1259,-21872,-7071,-5472,-9035,-294,-629,21735,3481,16964,34,1256,-22364,-7153,-5621,-9290,-299
Jan-2015,-531,21781,3421,17041,32,1287,-22312,-7255,-5666,-9126,-266,-843,21621,3601,16734,33,1252,-22464,-7264,-5607,-9286,-308
Feb-2015,-1114,21989,3953,16614,32,1389,-23103,-7508,-5623,-9610,-362,-1221,21353,3705,16390,32,1226,-22574,-7375,-5531,-9349,-320
Mar-2015,-1145,21487,3774,16275,31,1407,-22632,-7396,-5570,-9290,-376,-1684,20993,3768,16004,32,1189,-22677,-7476,-5422,-9449,-330
Apr-2015,-3086,19618,3777,14739,31,1071,-22704,-7618,-5221,-9580,-285,-2089,20696,3791,15708,31,1167,-22785,-7583,-5317,-9549,-337
May-2015,-2546,20090,3794,15452,31,813,-22636,-7714,-5128,-9420,-374,-2308,20597,3773,15622,30,1171,-22905,-7701,-5273,-9587,-345
Jun-2015,-2639,20759,3733,15961,31,1034,-23398,-7748,-4979,-10316,-355,-2334,20738,3747,15742,30,1219,-23072,-7832,-5313,-9570,-357
Jul-2015,-1716,21260,3645,15897,28,1690,-22977,-7834,-5722,-9104,-317,-2236,21032,3745,15959,29,1300,-23269,-7962,-5421,-9513,-373
Aug-2015,-1984,21206,3801,16003,28,1374,-23190,-8132,-5415,-9300,-343,-2167,21264,3775,16084,29,1377,-23431,-8060,-5553,-9430,-388
Sep-2015,-2063,21907,3746,16623,27,1511,-23969,-8405,-5797,-9240,-527,-2226,21231,3824,15974,28,1405,-23457,-8110,-5635,-9318,-394
Oct-2015,-2398,21277,3760,16092,30,1395,-23675,-8026,-5827,-9387,-435,-2429,20870,3848,15624,28,1370,-23299,-8107,-5627,-9175,-390
Nov-2015,-2749,20293,4025,15063,30,1175,-23042,-8021,-5458,-9285,-278,-2664,20316,3826,15150,28,1312,-22980,-8070,-5523,-9008,-379
Dec-2015,-3232,19101,3763,14063,28,1247,-22333,-7929,-5379,-8639,-386,-2749,19817,3754,14736,28,1299,-22566,-8012,-5363,-8820,-372
Jan-2016,-2808,18939,3552,13937,29,1420,-21747,-7825,-5077,-8496,-349,-2647,19507,3644,14486,30,1347,-22154,-7951,-5203,-8623,-377
Feb-2016,-2577,19421,3466,14796,29,1130,-21997,-8185,-4987,-8453,-372,-2390,19445,3525,14438,34,1448,-21835,-7909,-5085,-8446,-394
Mar-2016,-1938,19922,3309,14794,30,1789,-21860,-7804,-5181,-8380,-494,-2097,19605,3428,14557,37,1583,-21701,-7900,-5026,-8351,-425
Apr-2016,-1108,20269,3502,14794,44,1929,-21377,-7925,-4829,-8196,-427,-1832,19890,3376,14756,37,1722,-21722,-7908,-5015,-8330,-469
May-2016,-1634,20346,3351,15191,44,1760,-21980,-7712,-5194,-8523,-551,-1657,20179,3366,14949,32,1832,-21836,-7921,-5038,-8363,-515
Jun-2016,-2432,19863,3372,14972,43,1476,-22295,-8313,-5102,-8386,-494,-1567,20428,3380,15141,25,1883,-21995,-7934,-5093,-8413,-555
Jul-2016,-1218,21135,3420,15330,-1,2386,-22353,-8045,-5122,-8662,-524,-1383,20768,3411,15455,18,1883,-22151,-7930,-5181,-8459,-581
Aug-2016,-1404,21149,3493,15786,-1,1871,-22553,-8076,-5330,-8405,-742,-1014,21320,3483,15989,16,1833,-22334,-7936,-5290,-8524,-585
Sep-2016,-287,21684,3613,16558,1,1512,-21971,-7747,-5079,-8527,-618,-470,22066,3598,16716,18,1735,-22536,-7948,-5424,-8595,-569
Oct-2016,-684,22432,3454,17228,41,1708,-23115,-7955,-5992,-8713,-455,158,22892,3744,17502,22,1623,-22734,-7960,-5558,-8674,-542
Nov-2016,2725,25382,3815,20122,41,1403,-22656,-7867,-5624,-8693,-472,2470,25390,3890,19954,27,1519,-22920,-7988,-5660,-8755,-517
Dec-2016,4697,27730,4207,21759,42,1722,-23032,-8038,-5643,-8875,-476,2826,25938,4006,20460,29,1444,-23112,-8032,-5736,-8847,-497
Jan-2017,1336,25489,4164,20256,17,1052,-24153,-8596,-5803,-9256,-498,2873,26171,4074,20641,29,1427,-23298,-8089,-5785,-8940,-484
Feb-2017,2951,25622,3956,20245,17,1404,-22671,-7614,-6048,-8510,-499,2651,26134,4099,20533,29,1472,-23483,-8153,-5832,-9020,-478
Mar-2017,2329,26027,4091,20076,15,1845,-23698,-8298,-5485,-9348,-568,2247,25900,4097,20237,31,1535,-23653,-8211,-5893,-9074,-474
Apr-2017,-20,23719,4011,18186,49,1473,-23739,-8333,-5989,-9001,-415,1823,25626,4095,19910,35,1587,-23804,-8252,-5983,-9103,-465
May-2017,1800,25722,4159,19998,49,1515,-23921,-8221,-5989,-9398,-313,1476,25415,4108,19650,38,1619,-23939,-8278,-6093,-9112,-456
Jun-2017,1067,24944,4052,18923,48,1921,-23877,-8423,-5921,-8982,-551,1290,25270,4132,19477,38,1622,-23980,-8274,-6159,-9101,-446
Jul-2017,980,25221,4256,19351,23,1591,-24241,-8387,-6331,-9063,-459,1141,25120,4141,19354,34,1590,-23978,-8271,-6166,-9106,-435
Aug-2017,973,24868,4103,19459,23,1283,-23895,-8064,-6143,-9238,-450,959,24962,4102,19285,27,1548,-24003,-8279,-6116,-9185,-423
Sep-2017,1270,25415,4084,19807,24,1500,-24144,-8229,-6254,-9276,-385,812,24928,4010,19360,20,1539,-24116,-8317,-6036,-9357,-406
Oct-2017,699,24742,3886,18983,11,1862,-24043,-8362,-5757,-9523,-401,674,25069,3891,19593,15,1570,-24395,-8420,-5964,-9618,-393
Nov-2017,875,24825,3774,19616,11,1425,-23950,-8449,-5536,-9664,-301,603,25359,3781,19941,12,1625,-24756,-8538,-5938,-9888,-392
Dec-2017,-913,25570,3742,20390,11,1427,-26483,-9096,-6244,-10638,-505,626,25747,3711,20336,11,1688,-25120,-8624,-5950,-10128,-419
Jan-2018,1336,26867,3347,21310,11,2198,-25531,-8376,-6089,-10655,-410,733,26175,3703,20721,10,1741,-25442,-8662,-6008,-10301,-472
Feb-2018,1196,27030,3925,21401,11,1693,-25834,-8868,-6452,-10034,-480,905,26632,3755,21102,10,1765,-25728,-8649,-6104,-10433,-541
Mar-2018,1008,26910,3927,21149,10,1824,-25902,-8662,-6074,-10454,-712,1128,27105,3845,21463,10,1787,-25977,-8608,-6216,-10540,-613
Apr-2018,1589,26967,3963,21463,12,1530,-25378,-8105,-6214,-10451,-608,1397,27594,3956,21802,11,1825,-26198,-8578,-6317,-10637,-665
May-2018,1053,28069,3964,22208,12,1885,-27017,-8695,-6432,-11139,-750,1718,28115,4060,22196,14,1846,-26397,-8575,-6386,-10757,-679
Jun-2018,1871,28899,4203,22711,10,1975,-27028,-8868,-6773,-10750,-638,2074,28709,4120,22723,17,1849,-26635,-8610,-6452,-10927,-646
Jul-2018,2775,29574,4049,23702,28,1795,-26800,-8532,-6227,-11334,-707,2454,29292,4118,23345,21,1808,-26838,-8652,-6494,-11116,-576
Aug-2018,2820,29720,4252,23417,28,2023,-26900,-8607,-7027,-10847,-418,2851,29767,4070,23960,26,1711,-26916,-8669,-6489,-11264,-493
Sep-2018,3258,30066,4153,24389,26,1498,-26808,-8752,-6285,-11411,-359,3178,30074,4010,24442,30,1591,-26896,-8669,-6463,-11337,-427
Oct-2018,3358,30657,3744,25734,35,1143,-27299,-8645,-6557,-11770,-327,3482,30285,3960,24785,33,1507,-26803,-8647,-6434,-11329,-393
Nov-2018,3091,30512,3680,24973,35,1824,-27421,-8816,-6746,-11503,-357,3815,30478,3942,25016,35,1486,-26664,-8630,-6402,-11243,-389
Dec-2018,4875,30104,4037,25240,37,790,-25229,-8231,-5791,-10689,-518,4172,30727,3965,25195,35,1532,-26555,-8647,-6391,-11113,-405
Jan-2019,4676,31630,4166,25271,30,2163,-26954,-8822,-6733,-10945,-453,4564,31032,4014,25396,32,1589,-26468,-8673,-6409,-10965,-422
Feb-2019,4888,31482,4090,25343,30,2019,-26595,-8796,-6709,-10660,-430,5035,31469,4056,25745,28,1640,-26434,-8698,-6453,-10856,-427
Mar-2019,4204,30423,4071,24929,31,1393,-26219,-8629,-6236,-10904,-450,5603,32063,4056,26306,22,1679,-26460,-8722,-6504,-10796,-438
Apr-2019,4969,31806,3971,26161,9,1665,-26837,-8884,-6614,-10929,-410,6253,32778,3999,27028,16,1735,-26525,-8731,-6524,-10784,-486
May-2019,6124,33389,3990,27702,9,1688,-27265,-8769,-7143,-10876,-478,6845,33450,3911,27682,12,1846,-26605,-8737,-6507,-10788,-572
Jun-2019,7330,33766,3791,28317,8,1650,-26436,-8493,-6770,-10563,-610,7233,33892,3839,28042,10,2001,-26659,-8751,-6440,-10794,-674
Jul-2019,8822,35761,3755,29257,12,2737,-26939,-8873,-6253,-11026,-787,7311,34032,3808,28045,10,2169,-26720,-8778,-6361,-10834,-748
Aug-2019,6931,33523,3689,27689,12,2134,-26593,-8781,-6096,-10616,-1100,7043,33861,3824,27711,13,2313,-26818,-8820,-6314,-10923,-762
Sep-2019,5820,33326,3927,26695,14,2690,-27507,-8841,-6800,-11139,-727,6435,33277,3876,27086,18,2298,-26842,-8850,-6282,-11003,-706
Oct-2019,4097,31697,4023,25620,28,2025,-27600,-9170,-6757,-11204,-469,5692,32463,3945,26332,23,2162,-26770,-8857,-6270,-11026,-618
Nov-2019,5524,32008,4015,26063,28,1902,-26484,-8612,-6166,-11226,-480,5126,31734,4011,25684,29,2010,-26608,-8846,-6256,-10973,-532
Dec-2019,5044,31942,3987,25758,30,2167,-26898,-8813,-6554,-11153,-378,4930,31306,4051,25317,34,1905,-26376,-8819,-6200,-10853,-504
Jan-2020,4837,30471,4356,24641,41,1432,-25633,-8803,-5896,-10331,-603,5053,31178,4053,25228,37,1859,-26126,-8797,-6076,-10701,-551
Feb-2020,4568,29343,3867,24335,41,1100,-24774,-8104,-6039,-10080,-551,5353,31304,4003,25335,39,1926,-25951,-8800,-5929,-10566,-656
Mar-2020,9196,34175,3990,26570,42,3573,-24978,-8330,-5902,-9683,-1064,6585,31554,3896,25556,40,2062,-24969,-8828,-5803,-9549,-789
Apr-2020,6597,31836,4040,25863,37,1896,-25240,-8735,-6154,-9760,-591,6199,31186,3737,25187,39,2224,-24987,-8860,-5742,-9468,-917
May-2020,4744,28859,3527,23619,37,1676,-24115,-7633,-5822,-9321,-1339,5033,30157,3472,24320,38,2328,-25125,-8875,-5746,-9492,-1013
Jun-2020,4860,29115,3451,23266,37,2361,-24255,-8228,-5733,-9487,-806,2920,28127,3290,22444,38,2356,-25207,-8876,-5821,-9461,-1049
Jul-2020,3249,29280,2873,22751,42,3614,-26030,-8830,-6636,-9459,-1106,3154,28325,3154,22799,41,2332,-25171,-8903,-5970,-9281,-1017
Aug-2020,2068,28038,3135,23483,42,1378,-25970,-9232,-6167,-9360,-1211,3417,28649,3085,23214,48,2302,-25232,-8976,-6161,-9167,-929
Sep-2020,4331,28671,3044,23216,42,2369,-24340,-8878,-5983,-8772,-707,3911,29253,3084,23771,56,2342,-25342,-9102,-6361,-9085,-794
Oct-2020,5449,30576,3256,25258,75,1987,-25128,-9438,-6110,-9105,-475,4429,30082,3132,24438,63,2450,-25654,-9371,-6539,-9086,-658
Nov-2020,2996,30557,3328,24280,75,2875,-27561,-9729,-7863,-9443,-526,4980,30946,3199,25132,67,2548,-25965,-9551,-6670,-9194,-551
Dec-2020,6414,33075,4055,26147,77,2797,-26661,-9817,-6724,-9540,-580,6132,32501,3952,25861,66,2622,-26370,-9705,-6744,-9408,-513
Jan-2021,7756,33923,4141,27076,50,2656,-26166,-9717,-6577,-9428,-445,6505,33310,4001,26630,62,2617,-26806,-9806,-6767,-9695,-536
Feb-2021,7355,34570,4115,27581,50,2825,-27215,-9838,-6772,-10152,-452,6924,34138,4061,27536,55,2485,-27214,-9830,-6768,-10013,-603
Mar-2021,5991,34290,4358,27762,50,2120,-28299,-9822,-6984,-10513,-981,7485,35054,4154,28572,47,2281,-27569,-9789,-6782,-10333,-665
Apr-2021,8326,35975,4331,29830,35,1778,-27649,-9724,-6676,-10723,-526,8275,36161,4276,29737,39,2110,-27886,-9720,-6836,-10639,-692
May-2021,8959,37149,4381,30915,35,1818,-28190,-9658,-6789,-10859,-885,9273,37426,4401,30990,31,2004,-28153,-9653,-6902,-10921,-678
Jun-2021,10191,38616,4506,31936,35,2139,-28425,-9591,-7224,-11047,-563,10342,38661,4521,32141,24,1976,-28319,-9588,-6940,-11165,-626
Jul-2021,14203,43035,4754,36188,9,2084,-28831,-9386,-7205,-11804,-437,13718,42201,4634,35553,19,1995,-28483,-9536,-6947,-11447,-553
Aug-2021,13033,42045,4954,34647,9,2435,-29012,-9625,-7054,-11742,-591,14377,43143,4735,36364,17,2028,-28766,-9512,-6963,-11807,-485
Sep-2021,10379,38599,4717,32435,9,1438,-28219,-8758,-7154,-11908,-399,8974,38214,4843,31296,19,2056,-29239,-9522,-7013,-12257,-447
Oct-2021,10459,38581,4746,31505,33,2297,-28122,-8679,-6578,-12503,-362,9430,39312,4956,32250,22,2084,-29882,-9578,-7111,-12750,-443
Nov-2021,9128,40131,5412,32716,33,1970,-31003,-9123,-7718,-13688,-474,9935,40547,5067,33356,26,2098,-30612,-9673,-7251,-13226,-462
Dec-2021,7276,40551,5052,33170,32,2297,-33276,-9889,-7918,-14897,-571,10182,41838,5168,34581,28,2060,-31655,-9800,-7423,-13932,-500
Jan-2022,13167,44654,5937,36724,25,1969,-31488,-9931,-7364,-13679,-514,10779,43236,5274,35930,29,2003,-32457,-9944,-7596,-14378,-538
Feb-2022,8786,45099,5555,37191,25,2328,-36313,-11507,-8149,-16074,-582,11039,44700,5394,37305,30,1971,-33661,-10559,-7733,-14789,-580
Mar-2022,10538,45109,5252,37998,25,1834,-34571,-10571,-7844,-15553,-603,11798,46145,5543,38564,31,2008,-34348,-10685,-7834,-15212,-616
Apr-2022,14107,48735,5678,41740,38,1279,-34628,-10578,-7810,-15569,-672,12517,47559,5739,39653,33,2134,-35042,-10802,-7922,-15675,-642
May-2022,14291,51244,5642,43349,38,2215,-36953,-11041,-8623,-16706,-583,13053,48830,5985,40469,36,2340,-35778,-10928,-8032,-16161,-657
Jun-2022,19151,55171,6390,45115,38,3627,-36020,-10451,-8149,-16689,-731,13403,49894,6255,41085,37,2518,-36491,-11065,-8156,-16617,-655
Jul-2022,11873,49141,6319,40371,33,2418,-37268,-11403,-8228,-16950,-687,13460,50605,6494,41487,35,2590,-37145,-11188,-8257,-17068,-631
Aug-2022,12746,50856,6904,41375,33,2544,-38110,-12070,-8413,-17099,-528,13453,50886,6660,41671,29,2526,-37434,-11295,-8325,-17225,-588
Sep-2022,15778,53870,6787,44599,34,2451,-38092,-11378,-8767,-17325,-622,13259,50729,6693,41643,23,2370,-37470,-11373,-8368,-17187,-544
Oct-2022,15105,52579,6745,43875,8,1951,-37474,-11421,-8516,-17138,-399,13129,50367,6608,41539,18,2202,-37238,-11417,-8377,-16922,-522
Nov-2022,13672,50118,6490,41951,8,1669,-36446,-11116,-7862,-16916,-552,13177,49996,6473,41423,17,2083,-36820,-11439,-8369,-16484,-527
Dec-2022,12180,48943,6049,40610,9,2275,-36762,-11455,-9018,-15802,-487,13338,49668,6344,41265,19,2040,-36330,-11454,-8367,-15958,-551
Jan-2023,11161,49426,5944,41059,32,2390,-38265,-12683,-9645,-15341,-596,13444,49313,6261,40967,22,2064,-35869,-11461,-8384,-15438,-586
Feb-2023,14807,48456,5978,40287,32,2159,-33649,-10052,-8304,-14508,-785,13219,48778,6241,40425,24,2088,-35559,-11465,-8448,-15009,-636
Mar-2023,14543,50073,6766,41244,34,2029,-35529,-11645,-8491,-14652,-742,12703,48118,6264,39669,25,2160,-35415,-11466,-8534,-14721,-694
Apr-2023,10073,45961,5942,38373,18,1628,-35888,-11504,-8835,-15102,-446,11911,47344,6291,38739,26,2288,-35432,-11474,-8617,-14592,-749
May-2023,10354,47095,6157,38037,18,2883,-36742,-12251,-8824,-14815,-851,10922,46571,6289,37792,27,2463,-35649,-11513,-8691,-14645,-800
Jun-2023,9848,45031,5801,36241,17,2971,-35183,-10774,-8917,-14525,-966,9944,45983,6247,37061,29,2647,-36038,-11589,-8747,-14856,-846
Jul-2023,7993,44463,6144,36256,42,2022,-36470,-11620,-9118,-14664,-1069,9189,45655,6159,36691,32,2774,-36466,-11666,-8801,-15127,-872
Aug-2023,10729,46818,5962,36839,42,3975,-36089,-11866,-8177,-15449,-597,8825,45591,6041,36697,34,2819,-36765,-11693,-8850,-15356,-867
Sep-2023,6418,45358,6127,36775,40,2416,-38939,-11872,-10242,-15992,-834,8789,45656,5907,36910,32,2806,-36867,-11668,-8888,-15474,-837
Oct-2023,8287,46162,5826,37775,17,2543,-37875,-11621,-8965,-16235,-1054,8927,45696,5771,37120,26,2778,-36769,-11621,-8921,-15430,-796
Nov-2023,11150,45753,5577,37730,17,2429,-34603,-10206,-8927,-14898,-571,9006,45541,5636,37111,17,2776,-36534,-11563,-8950,-15259,-762
Dec-2023,8948,44679,5259,36483,19,2919,-35731,-11099,-9153,-14852,-627,8888,45186,5525,36841,8,2812,-36298,-11532,-8971,-15053,-742
Jan-2024,9350,45332,5716,36174,-7,3449,-35982,-11693,-8720,-14756,-814,8449,44661,5447,36360,2,2853,-36213,-11553,-8990,-14944,-725
Feb-2024,7969,45481,5434,37361,-7,2693,-37512,-12153,-8831,-15654,-873,7732,44095,5407,35789,1,2898,-36363,-11630,-9020,-15004,-710
Mar-2024,4304,43585,5627,35239,-7,2726,-39281,-12419,-9889,-16364,-610,6910,43639,5402,35274,4,2958,-36728,-11735,-9069,-15223,-701
Apr-2024,5808,42527,5273,34255,22,2976,-36719,-11752,-9063,-15279,-625,6117,43279,5425,34872,9,2973,-37163,-11818,-9161,-15470,-713
May-2024,5199,43069,5280,34809,22,2958,-37870,-12030,-9169,-15953,-718,5526,42975,5443,34545,16,2970,-37449,-11854,-9263,-15599,-733
Jun-2024,5445,43143,5528,34468,22,3124,-37697,-11912,-9381,-15606,-799,5191,42661,5450,34196,22,2992,-37470,-11841,-9350,-15528,-751
Jul-2024,5125,42856,5693,33928,28,3207,-37731,-12021,-9413,-15468,-829,5027,42336,5462,33838,28,3008,-37309,-11807,-9403,-15317,-781
Aug-2024,5654,42852,5459,34268,28,3096,-37198,-11545,-9425,-15401,-827,4970,42092,5517,33511,34,3030,-37122,-11783,-9420,-15100,-819
Sep-2024,3814,40428,5640,32319,30,2438,-36613,-11669,-9720,-14335,-889,4842,41912,5637,33161,40,3075,-37070,-11785,-9430,-14996,-859
Oct-2024,4699,41281,5349,32374,52,3506,-36582,-11856,-9193,-14783,-751,4666,41896,5813,32823,42,3217,-37230,-11822,-9435,-15081,-891
Nov-2024,5846,42747,6072,32755,53,3867,-36901,-11821,-9166,-14969,-945,4553,42113,6007,32585,41,3480,-37560,-11895,-9404,-15322,-940
Dec-2024,3632,42588,6389,33466,52,2681,-38956,-12167,-9562,-16031,-1196,4475,42457,6184,32443,38,3792,-37981,-12007,-9349,-15616,-1009
Jan-2025,4445,43523,6650,31764,22,5087,-39078,-12202,-9455,-16407,-1014,4362,42748,6290,32342,36,4080,-38386,-12150,-9299,-15821,-1116
Feb-2025,3150,41959,6680,31257,22,4001,-38809,-12235,-9457,-15951,-1166,4301,42980,6305,32263,38,4375,-38679,-12287,-9277,-15861,-1254
Mar-2025,6810,44870,6081,33539,22,5228,-38059,-12094,-9006,-15747,-1212,4271,43112,6254,32179,46,4634,-38841,-12391,-9298,-15753,-1401
Apr-2025,4619,42989,6505,32029,82,4373,-38370,-12507,-8896,-15155,-1813,4192,43130,6191,32068,58,4813,-38938,-12452,-9383,-15602,-1502
May-2025,1740,41749,6252,31195,82,4220,-40008,-13118,-9906,-15496,-1489,4101,43182,6156,32027,72,4926,-39081,-12481,-9532,-15520,-1548
Jun-2025,4693,44282,6010,32425,81,5766,-39589,-12319,-9955,-15360,-1955,3946,43323,6179,32069,83,4992,-39377,-12490,-9746,-15575,-1566
Jul-2025,6310,45253,6499,32422,87,6245,-38943,-11985,-9679,-15920,-1359,3715,43540,6247,32150,87,5056,-39825,-12505,-9976,-15773,-1572
Aug-2025,872,41235,6349,31501,87,3298,-40364,-12623,-10129,-16212,-1400,3471,43783,6334,32237,86,5125,-40312,-12517,-10146,-16012,-1637
Sep-2025,3432,43973,6290,32248,85,5350,-40541,-12544,-10473,-16138,-1386,3341,44026,6446,32295,81,5204,-40686,-12520,-10196,-16177,-1792
Oct-2025,4522,45960,6415,33373,69,6102,-41437,-12805,-10066,-16071,-2495,3327,44234,6571,32206,76,5382,-40907,-12512,-10116,-16264,-2016
Nov-2025,2186,44034,6843,31498,69,5624,-41848,-12468,-10215,-16942,-2223,3309,44332,6687,31894,71,5680,-41023,-12492,-9959,-16323,-2248
Dec-2025,3240,44023,6841,31546,70,5566,-40783,-12486,-9698,-16343,-2256,3357,44412,6771,31470,66,6105,-41055,-12437,-9771,-16416,-2431
Jan-2026,2114,43335,6370,30830,60,6075,-41221,-12025,-10107,-15779,-3311,3360,44432,6816,30999,63,6554,-41072,-12377,-9584,-16569,-2542
Feb-2026,5026,45143,7144,30045,60,7894,-40118,-12366,-9266,-16542,-1943,3309,44437,6824,30550,60,7003,-41128,-12334,-9424,-16768,-2603
Mar-2026,-1841,43929,6316,30139,58,7416,-45770,-12518,-12677,-17953,-2623,3008,44244,6802,30104,58,7281,-41236,-12321,-9297,-16995,-2623
