date,series_id,value,industry,quarter,index
2019-03-20,A3538807V,113612,Mining,2019-01-01,100
2019-03-20,A3538810J,112265,Manufacturing,2019-01-01,100
2019-03-20,A3538813R,24206,"Electricity, gas, water and waste services",2019-01-01,100
2019-03-20,A3538816W,114468,Construction,2019-01-01,100
2019-03-20,A3538819C,165275,Wholesale trade,2019-01-01,100
2019-03-20,A3538822T,129344,Retail trade,2019-01-01,100
2019-03-20,A3538825X,31224,Accommodation and food services,2019-01-01,100
2019-03-20,A3538828F,40639,"Transport, postal and warehousing",2019-01-01,100
2019-03-20,A3538831V,18194,Information media and telecommunications,2019-01-01,100
2019-03-20,A3538834A,15683,Financial and insurance services,2019-01-01,100
2019-03-20,A3538837J,28749,"Rental, hiring and real estate services",2019-01-01,100
2019-03-20,A3538840W,59184,"Professional, scientific and technical services",2019-01-01,100
2019-03-20,A3538846K,10340,Arts and recreation services,2019-01-01,100
2019-03-20,A3538849T,16739,Other services,2019-01-01,100
2019-06-20,A3538807V,118273,Mining,2019-04-01,104.10255958877583
2019-06-20,A3538810J,112396,Manufacturing,2019-04-01,100.11668819311451
2019-06-20,A3538813R,23380,"Electricity, gas, water and waste services",2019-04-01,96.58762290341238
2019-06-20,A3538816W,114162,Construction,2019-04-01,99.73267638117203
2019-06-20,A3538819C,163054,Wholesale trade,2019-04-01,98.65617909544699
2019-06-20,A3538822T,128407,Retail trade,2019-04-01,99.27557521029193
2019-06-20,A3538825X,31781,Accommodation and food services,2019-04-01,101.78388419164745
2019-06-20,A3538828F,40754,"Transport, postal and warehousing",2019-04-01,100.28297940402076
2019-06-20,A3538831V,18537,Information media and telecommunications,2019-04-01,101.88523689128284
2019-06-20,A3538834A,16134,Financial and insurance services,2019-04-01,102.87572530765797
2019-06-20,A3538837J,28945,"Rental, hiring and real estate services",2019-04-01,100.681762843925
2019-06-20,A3538840W,60630,"Professional, scientific and technical services",2019-04-01,102.44322789943227
2019-06-20,A3538846K,10141,Arts and recreation services,2019-04-01,98.07543520309478
2019-06-20,A3538849T,17108,Other services,2019-04-01,102.20443276181373
2019-09-20,A3538807V,117628,Mining,2019-07-01,103.53483786923917
2019-09-20,A3538810J,112093,Manufacturing,2019-07-01,99.84679107468935
2019-09-20,A3538813R,24400,"Electricity, gas, water and waste services",2019-07-01,100.80145418491283
2019-09-20,A3538816W,114133,Construction,2019-07-01,99.7073417898452
2019-09-20,A3538819C,163361,Wholesale trade,2019-07-01,98.84193011647254
2019-09-20,A3538822T,126083,Retail trade,2019-07-01,97.47881618010885
2019-09-20,A3538825X,31911,Accommodation and food services,2019-07-01,102.20023059185242
2019-09-20,A3538828F,41144,"Transport, postal and warehousing",2019-07-01,101.24264868722163
2019-09-20,A3538831V,18656,Information media and telecommunications,2019-07-01,102.53929866989117
2019-09-20,A3538834A,16278,Financial and insurance services,2019-07-01,103.79391698016961
2019-09-20,A3538837J,28910,"Rental, hiring and real estate services",2019-07-01,100.5600194789384
2019-09-20,A3538840W,61416,"Professional, scientific and technical services",2019-07-01,103.77128953771289
2019-09-20,A3538846K,10203,Arts and recreation services,2019-07-01,98.67504835589942
2019-09-20,A3538849T,16918,Other services,2019-07-01,101.06935898201804
2019-12-20,A3538807V,118272,Mining,2019-10-01,104.10167940006338
2019-12-20,A3538810J,113432,Manufacturing,2019-10-01,101.03950474324144
2019-12-20,A3538813R,23797,"Electricity, gas, water and waste services",2019-10-01,98.3103362802611
2019-12-20,A3538816W,112843,Construction,2019-10-01,98.58038927909983
2019-12-20,A3538819C,164040,Wholesale trade,2019-10-01,99.25276055059749
2019-12-20,A3538822T,125271,Retail trade,2019-10-01,96.85103290450272
2019-12-20,A3538825X,32312,Accommodation and food services,2019-10-01,103.48449910325391
2019-12-20,A3538828F,41253,"Transport, postal and warehousing",2019-10-01,101.51086394842393
2019-12-20,A3538831V,18347,Information media and telecommunications,2019-10-01,100.84093657249643
2019-12-20,A3538834A,16770,Financial and insurance services,2019-10-01,106.93107186125104
2019-12-20,A3538837J,29496,"Rental, hiring and real estate services",2019-10-01,102.5983512469999
2019-12-20,A3538840W,61626,"Professional, scientific and technical services",2019-10-01,104.12611516626116
2019-12-20,A3538846K,9945,Arts and recreation services,2019-10-01,96.1798839458414
2019-12-20,A3538849T,16887,Other services,2019-10-01,100.8841627337356
2020-03-20,A3538807V,117965,Mining,2020-01-01,103.83146146533817
2020-03-20,A3538810J,115073,Manufacturing,2020-01-01,102.50122478065292
2020-03-20,A3538813R,23053,"Electricity, gas, water and waste services",2020-01-01,95.236718169049
2020-03-20,A3538816W,113539,Construction,2020-01-01,99.18841947094384
2020-03-20,A3538819C,164540,Wholesale trade,2020-01-01,99.555286643473
2020-03-20,A3538822T,125154,Retail trade,2020-01-01,96.76057644730332
2020-03-20,A3538825X,29348,Accommodation and food services,2020-01-01,93.99180117858057
2020-03-20,A3538828F,39673,"Transport, postal and warehousing",2020-01-01,97.62297300622555
2020-03-20,A3538831V,18318,Information media and telecommunications,2020-01-01,100.68154336594482
2020-03-20,A3538834A,17412,Financial and insurance services,2020-01-01,111.02467640119875
2020-03-20,A3538837J,29362,"Rental, hiring and real estate services",2020-01-01,102.13224807819402
2020-03-20,A3538840W,62029,"Professional, scientific and technical services",2020-01-01,104.80704244390375
2020-03-20,A3538846K,9554,Arts and recreation services,2020-01-01,92.39845261121857
2020-03-20,A3538849T,16262,Other services,2020-01-01,97.1503674054603
2020-06-20,A3538807V,114010,Mining,2020-04-01,100.35031510755906
2020-06-20,A3538810J,105934,Manufacturing,2020-04-01,94.36066449917605
2020-06-20,A3538813R,23304,"Electricity, gas, water and waste services",2020-04-01,96.2736511608692
2020-06-20,A3538816W,99681,Construction,2020-04-01,87.08197924310724
2020-06-20,A3538819C,153645,Wholesale trade,2020-04-01,92.96324307971562
2020-06-20,A3538822T,121351,Retail trade,2020-04-01,93.8203550222662
2020-06-20,A3538825X,18136,Accommodation and food services,2020-04-01,58.08352549321035
2020-06-20,A3538828F,31815,"Transport, postal and warehousing",2020-04-01,78.28686729496296
2020-06-20,A3538831V,16611,Information media and telecommunications,2020-04-01,91.299329449269
2020-06-20,A3538834A,15888,Financial and insurance services,2020-04-01,101.30714786711727
2020-06-20,A3538837J,25010,"Rental, hiring and real estate services",2020-04-01,86.99433023757348
2020-06-20,A3538840W,58948,"Professional, scientific and technical services",2020-04-01,99.60124357934576
2020-06-20,A3538846K,5930,Arts and recreation services,2020-04-01,57.35009671179884
2020-06-20,A3538849T,13905,Other services,2020-04-01,83.06947846346854
2020-09-20,A3538807V,110109,Mining,2020-07-01,96.91669894025279
2020-09-20,A3538810J,110282,Manufacturing,2020-07-01,98.23364361109874
2020-09-20,A3538813R,24550,"Electricity, gas, water and waste services",2020-07-01,101.42113525572172
2020-09-20,A3538816W,102777,Construction,2020-07-01,89.78666526889612
2020-09-20,A3538819C,161863,Wholesale trade,2020-07-01,97.93556194221752
2020-09-20,A3538822T,126747,Retail trade,2020-07-01,97.9921759030183
2020-09-20,A3538825X,25773,Accommodation and food services,2020-07-01,82.54227517294389
2020-09-20,A3538828F,33898,"Transport, postal and warehousing",2020-07-01,83.4124855434435
2020-09-20,A3538831V,17393,Information media and telecommunications,2020-07-01,95.59744970869518
2020-09-20,A3538834A,16475,Financial and insurance services,2020-07-01,105.050054198814
2020-09-20,A3538837J,26745,"Rental, hiring and real estate services",2020-07-01,93.02932275905249
2020-09-20,A3538840W,60161,"Professional, scientific and technical services",2020-07-01,101.6507839956745
2020-09-20,A3538846K,7595,Arts and recreation services,2020-07-01,73.45261121856866
2020-09-20,A3538849T,14747,Other services,2020-07-01,88.09964752972101
2020-12-20,A3538807V,110044,Mining,2020-10-01,96.8594866739429
2020-12-20,A3538810J,112705,Manufacturing,2020-10-01,100.39192980893422
2020-12-20,A3538813R,24664,"Electricity, gas, water and waste services",2020-10-01,101.89209286953648
2020-12-20,A3538816W,103196,Construction,2020-10-01,90.15270643323899
2020-12-20,A3538819C,170362,Wholesale trade,2020-10-01,103.07790046891544
2020-12-20,A3538822T,131783,Retail trade,2020-10-01,101.88566922315685
2020-12-20,A3538825X,28412,Accommodation and food services,2020-10-01,90.99410709710479
2020-12-20,A3538828F,36112,"Transport, postal and warehousing",2020-10-01,88.86045424346071
2020-12-20,A3538831V,18332,Information media and telecommunications,2020-10-01,100.75849181048697
2020-12-20,A3538834A,17426,Financial and insurance services,2020-10-01,111.11394503602627
2020-12-20,A3538837J,28198,"Rental, hiring and real estate services",2020-10-01,98.08341159692512
2020-12-20,A3538840W,62338,"Professional, scientific and technical services",2020-10-01,105.32914301162477
2020-12-20,A3538846K,8531,Arts and recreation services,2020-10-01,82.50483558994198
2020-12-20,A3538849T,15884,Other services,2020-10-01,94.8921679909194
2021-03-20,A3538807V,112431,Mining,2021-01-01,98.9604971305848
2021-03-20,A3538810J,113744,Manufacturing,2021-01-01,101.31741860775843
2021-03-20,A3538813R,23990,"Electricity, gas, water and waste services",2021-01-01,99.1076592580352
2021-03-20,A3538816W,107677,Construction,2021-01-01,94.06733759653353
2021-03-20,A3538819C,174651,Wholesale trade,2021-01-01,105.67296929360157
2021-03-20,A3538822T,131941,Retail trade,2021-01-01,102.0078240969817
2021-03-20,A3538825X,29501,Accommodation and food services,2021-01-01,94.48180886497566
2021-03-20,A3538828F,39139,"Transport, postal and warehousing",2021-01-01,96.30896429538129
2021-03-20,A3538831V,18243,Information media and telecommunications,2021-01-01,100.26931955589755
2021-03-20,A3538834A,18659,Financial and insurance services,2021-01-01,118.97596123190716
2021-03-20,A3538837J,30131,"Rental, hiring and real estate services",2021-01-01,104.80712372604265
2021-03-20,A3538840W,62824,"Professional, scientific and technical services",2021-01-01,106.15031089483644
2021-03-20,A3538846K,9269,Arts and recreation services,2021-01-01,89.642166344294
2021-03-20,A3538849T,16720,Other services,2021-01-01,99.88649262202043
2021-06-20,A3538807V,111203,Mining,2021-04-01,97.87962539168397
2021-06-20,A3538810J,114404,Manufacturing,2021-04-01,101.90531332115975
2021-06-20,A3538813R,26061,"Electricity, gas, water and waste services",2021-04-01,107.6633892423366
2021-06-20,A3538816W,110861,Construction,2021-04-01,96.84890100290038
2021-06-20,A3538819C,175356,Wholesale trade,2021-04-01,106.09953108455605
2021-06-20,A3538822T,132493,Retail trade,2021-04-01,102.43459302325581
2021-06-20,A3538825X,30304,Accommodation and food services,2021-04-01,97.0535485523956
2021-06-20,A3538828F,40284,"Transport, postal and warehousing",2021-04-01,99.12645488324024
2021-06-20,A3538831V,18498,Information media and telecommunications,2021-04-01,101.67088051005827
2021-06-20,A3538834A,18318,Financial and insurance services,2021-04-01,116.80163234075113
2021-06-20,A3538837J,30494,"Rental, hiring and real estate services",2021-04-01,106.06977634004662
2021-06-20,A3538840W,63011,"Professional, scientific and technical services",2021-04-01,106.46627466882941
2021-06-20,A3538846K,9174,Arts and recreation services,2021-04-01,88.72340425531915
2021-06-20,A3538849T,17064,Other services,2021-04-01,101.94157357070314
2021-09-20,A3538807V,112162,Mining,2021-07-01,98.72372636693306
2021-09-20,A3538810J,113620,Manufacturing,2021-07-01,101.20696566160424
2021-09-20,A3538813R,26041,"Electricity, gas, water and waste services",2021-07-01,107.58076509956209
2021-09-20,A3538816W,109172,Construction,2021-07-01,95.37337945976168
2021-09-20,A3538819C,165085,Wholesale trade,2021-07-01,99.8850400847073
2021-09-20,A3538822T,125569,Retail trade,2021-07-01,97.08142627412172
2021-09-20,A3538825X,22429,Accommodation and food services,2021-07-01,71.83256469382526
2021-09-20,A3538828F,37722,"Transport, postal and warehousing",2021-07-01,92.82216589975147
2021-09-20,A3538831V,18759,Information media and telecommunications,2021-07-01,103.10541936902275
2021-09-20,A3538834A,19556,Financial and insurance services,2021-07-01,124.69553019192756
2021-09-20,A3538837J,30063,"Rental, hiring and real estate services",2021-07-01,104.57059375978295
2021-09-20,A3538840W,62441,"Professional, scientific and technical services",2021-07-01,105.50317653419843
2021-09-20,A3538846K,8297,Arts and recreation services,2021-07-01,80.24177949709865
2021-09-20,A3538849T,14943,Other services,2021-07-01,89.27056574466815
2021-12-20,A3538807V,111838,Mining,2021-10-01,98.43854522409605
2021-12-20,A3538810J,115027,Manufacturing,2021-10-01,102.46025030062798
2021-12-20,A3538813R,25874,"Electricity, gas, water and waste services",2021-10-01,106.89085350739487
2021-12-20,A3538816W,108880,Construction,2021-10-01,95.11828633329839
2021-12-20,A3538819C,173227,Wholesale trade,2021-10-01,104.81137498109211
2021-12-20,A3538822T,133721,Retail trade,2021-10-01,103.38399925779318
2021-12-20,A3538825X,28822,Accommodation and food services,2021-10-01,92.30719959005893
2021-12-20,A3538828F,38781,"Transport, postal and warehousing",2021-10-01,95.42803710721229
2021-12-20,A3538831V,20356,Information media and telecommunications,2021-10-01,111.88303836429593
2021-12-20,A3538834A,21465,Financial and insurance services,2021-10-01,136.86794618376587
2021-12-20,A3538837J,30968,"Rental, hiring and real estate services",2021-10-01,107.71852934015097
2021-12-20,A3538840W,65152,"Professional, scientific and technical services",2021-10-01,110.0838064341714
2021-12-20,A3538846K,9508,Arts and recreation services,2021-10-01,91.95357833655706
2021-12-20,A3538849T,17232,Other services,2021-10-01,102.94521775494354
2022-03-20,A3538807V,111827,Mining,2022-01-01,98.42886314825898
2022-03-20,A3538810J,113262,Manufacturing,2022-01-01,100.88807731706231
2022-03-20,A3538813R,25368,"Electricity, gas, water and waste services",2022-01-01,104.80046269519954
2022-03-20,A3538816W,111139,Construction,2022-01-01,97.09176363699899
2022-03-20,A3538819C,177830,Wholesale trade,2022-01-01,107.59643019210407
2022-03-20,A3538822T,135408,Retail trade,2022-01-01,104.68827313211281
2022-03-20,A3538825X,29368,Accommodation and food services,2022-01-01,94.05585447091981
2022-03-20,A3538828F,41716,"Transport, postal and warehousing",2022-01-01,102.65016363591624
2022-03-20,A3538831V,21215,Information media and telecommunications,2022-01-01,116.60437506870397
2022-03-20,A3538834A,19363,Financial and insurance services,2022-01-01,123.46489829751961
2022-03-20,A3538837J,30708,"Rental, hiring and real estate services",2022-01-01,106.8141500573933
2022-03-20,A3538840W,67016,"Professional, scientific and technical services",2022-01-01,113.23330629899974
2022-03-20,A3538846K,10184,Arts and recreation services,2022-01-01,98.49129593810444
2022-03-20,A3538849T,17154,Other services,2022-01-01,102.4792400979748
2022-06-20,A3538807V,113798,Mining,2022-04-01,100.16371510051755
2022-06-20,A3538810J,113458,Manufacturing,2022-04-01,101.06266423195119
2022-06-20,A3538813R,27700,"Electricity, gas, water and waste services",2022-04-01,114.43443774270843
2022-06-20,A3538816W,111404,Construction,2022-04-01,97.32326938533039
2022-06-20,A3538819C,173869,Wholesale trade,2022-04-01,105.19981848434428
2022-06-20,A3538822T,136106,Retail trade,2022-04-01,105.22791934685799
2022-06-20,A3538825X,32703,Accommodation and food services,2022-04-01,104.73674096848578
2022-06-20,A3538828F,43604,"Transport, postal and warehousing",2022-04-01,107.29594724279633
2022-06-20,A3538831V,21786,Information media and telecommunications,2022-04-01,119.7427723425305
2022-06-20,A3538834A,18715,Financial and insurance services,2022-04-01,119.33303577121724
2022-06-20,A3538837J,30847,"Rental, hiring and real estate services",2022-04-01,107.29764513548297
2022-06-20,A3538840W,67615,"Professional, scientific and technical services",2022-04-01,114.24540416328738
2022-06-20,A3538846K,10699,Arts and recreation services,2022-04-01,103.47195357833655
2022-06-20,A3538849T,17407,Other services,2022-04-01,103.99068044686062
2022-09-20,A3538807V,113748,Mining,2022-07-01,100.11970566489455
2022-09-20,A3538810J,112169,Manufacturing,2022-07-01,99.91448804168708
2022-09-20,A3538813R,27597,"Electricity, gas, water and waste services",2022-07-01,114.00892340741964
2022-09-20,A3538816W,109505,Construction,2022-07-01,95.66429045672153
2022-09-20,A3538819C,176731,Wholesale trade,2022-07-01,106.93147783996369
2022-09-20,A3538822T,138923,Retail trade,2022-07-01,107.40583250865907
2022-09-20,A3538825X,33075,Accommodation and food services,2022-07-01,105.92813220599538
2022-09-20,A3538828F,44825,"Transport, postal and warehousing",2022-07-01,110.30045030635597
2022-09-20,A3538831V,22369,Information media and telecommunications,2022-07-01,122.9471254259646
2022-09-20,A3538834A,18626,Financial and insurance services,2022-07-01,118.76554230695658
2022-09-20,A3538837J,30301,"Rental, hiring and real estate services",2022-07-01,105.39844864169189
2022-09-20,A3538840W,68506,"Professional, scientific and technical services",2022-07-01,115.75087861584213
2022-09-20,A3538846K,10429,Arts and recreation services,2022-07-01,100.86073500967117
2022-09-20,A3538849T,17402,Other services,2022-07-01,103.96081008423442
2022-12-20,A3538807V,119538,Mining,2022-10-01,105.21599831003768
2022-12-20,A3538810J,110965,Manufacturing,2022-10-01,98.84202556451254
2022-12-20,A3538813R,27524,"Electricity, gas, water and waste services",2022-10-01,113.70734528629265
2022-12-20,A3538816W,109163,Construction,2022-10-01,95.36551700038439
2022-12-20,A3538819C,175662,Wholesale trade,2022-10-01,106.28467705339585
2022-12-20,A3538822T,138818,Retail trade,2022-10-01,107.32465363681347
2022-12-20,A3538825X,34691,Accommodation and food services,2022-10-01,111.10363822700486
2022-12-20,A3538828F,43877,"Transport, postal and warehousing",2022-10-01,107.96771574103694
2022-12-20,A3538831V,22980,Information media and telecommunications,2022-10-01,126.30537539848302
2022-12-20,A3538834A,18751,Financial and insurance services,2022-10-01,119.56258368934515
2022-12-20,A3538837J,30778,"Rental, hiring and real estate services",2022-10-01,107.05763678736652
2022-12-20,A3538840W,67379,"Professional, scientific and technical services",2022-10-01,113.84664774263314
2022-12-20,A3538846K,10927,Arts and recreation services,2022-10-01,105.67698259187621
2022-12-20,A3538849T,17828,Other services,2022-10-01,106.50576497998685
2023-03-20,A3538807V,119067,Mining,2023-01-01,104.80142942646904
2023-03-20,A3538810J,114046,Manufacturing,2023-01-01,101.58642497661782
2023-03-20,A3538813R,26767,"Electricity, gas, water and waste services",2023-01-01,110.58002148227712
2023-03-20,A3538816W,109012,Construction,2023-01-01,95.23360240416535
2023-03-20,A3538819C,179615,Wholesale trade,2023-01-01,108.67644834366965
2023-03-20,A3538822T,137003,Retail trade,2023-01-01,105.92141885205343
2023-03-20,A3538825X,35013,Accommodation and food services,2023-01-01,112.13489623366641
2023-03-20,A3538828F,44762,"Transport, postal and warehousing",2023-01-01,110.14542680676198
2023-03-20,A3538831V,23304,Information media and telecommunications,2023-01-01,128.0861822578872
2023-03-20,A3538834A,17626,Financial and insurance services,2023-01-01,112.38921124784798
2023-03-20,A3538837J,30861,"Rental, hiring and real estate services",2023-01-01,107.34634248147762
2023-03-20,A3538840W,66948,"Professional, scientific and technical services",2023-01-01,113.1184103811841
2023-03-20,A3538846K,10642,Arts and recreation services,2023-01-01,102.92069632495165
2023-03-20,A3538849T,17972,Other services,2023-01-01,107.36603142362148
2023-06-20,A3538807V,120207,Mining,2023-04-01,105.80484455867338
2023-06-20,A3538810J,110902,Manufacturing,2023-04-01,98.78590834186969
2023-06-20,A3538813R,26965,"Electricity, gas, water and waste services",2023-04-01,111.39800049574485
2023-06-20,A3538816W,110684,Construction,2023-04-01,96.69427263514694
2023-06-20,A3538819C,175619,Wholesale trade,2023-04-01,106.25865980940856
2023-06-20,A3538822T,136878,Retail trade,2023-04-01,105.8247773379515
2023-06-20,A3538825X,35034,Accommodation and food services,2023-04-01,112.2021521906226
2023-06-20,A3538828F,46540,"Transport, postal and warehousing",2023-04-01,114.52053446197003
2023-06-20,A3538831V,23524,Information media and telecommunications,2023-04-01,129.29537210069253
2023-06-20,A3538834A,17475,Financial and insurance services,2023-04-01,111.42638525792259
2023-06-20,A3538837J,31749,"Rental, hiring and real estate services",2023-04-01,110.43514557028071
2023-06-20,A3538840W,67205,"Professional, scientific and technical services",2023-04-01,113.55264936469317
2023-06-20,A3538846K,10718,Arts and recreation services,2023-04-01,103.65570599613153
2023-06-20,A3538849T,18748,Other services,2023-04-01,112.00191170320808
2023-09-20,A3538807V,117065,Mining,2023-07-01,103.03929162412422
2023-09-20,A3538810J,111536,Manufacturing,2023-07-01,99.35064356656126
2023-09-20,A3538813R,26806,"Electricity, gas, water and waste services",2023-07-01,110.74113856068743
2023-09-20,A3538816W,111329,Construction,2023-07-01,97.25774889051962
2023-09-20,A3538819C,174191,Wholesale trade,2023-07-01,105.3946452881561
2023-09-20,A3538822T,138162,Retail trade,2023-07-01,106.81747897080653
2023-09-20,A3538825X,34785,Accommodation and food services,2023-07-01,111.40468870099923
2023-09-20,A3538828F,47214,"Transport, postal and warehousing",2023-07-01,116.1790398385787
2023-09-20,A3538831V,23868,Information media and telecommunications,2023-07-01,131.18610530944267
2023-09-20,A3538834A,17628,Financial and insurance services,2023-07-01,112.4019639099662
2023-09-20,A3538837J,31655,"Rental, hiring and real estate services",2023-07-01,110.10817767574524
2023-09-20,A3538840W,67562,"Professional, scientific and technical services",2023-07-01,114.15585293322519
2023-09-20,A3538846K,10923,Arts and recreation services,2023-07-01,105.63829787234043
2023-09-20,A3538849T,18624,Other services,2023-07-01,111.26112671007826
2023-12-20,A3538807V,115061,Mining,2023-10-01,101.27539344435446
2023-12-20,A3538810J,112489,Manufacturing,2023-10-01,100.19952790273015
2023-12-20,A3538813R,27945,"Electricity, gas, water and waste services",2023-10-01,115.44658349169627
2023-12-20,A3538816W,111541,Construction,2023-10-01,97.44295348918475
2023-12-20,A3538819C,173251,Wholesale trade,2023-10-01,104.82589623355014
2023-12-20,A3538822T,139439,Retail trade,2023-10-01,107.80476867887185
2023-12-20,A3538825X,34374,Accommodation and food services,2023-10-01,110.08839354342813
2023-12-20,A3538828F,46225,"Transport, postal and warehousing",2023-10-01,113.7454169640001
2023-12-20,A3538831V,23855,Information media and telecommunications,2023-10-01,131.11465318236782
2023-12-20,A3538834A,18155,Financial and insurance services,2023-10-01,115.76229037811643
2023-12-20,A3538837J,31646,"Rental, hiring and real estate services",2023-10-01,110.0768722390344
2023-12-20,A3538840W,68356,"Professional, scientific and technical services",2023-10-01,115.49743173830765
2023-12-20,A3538846K,10920,Arts and recreation services,2023-10-01,105.60928433268859
2023-12-20,A3538849T,18758,Other services,2023-10-01,112.06165242846048
2024-03-20,A3538807V,116235,Mining,2024-01-01,102.30873499278245
2024-03-20,A3538810J,110886,Manufacturing,2024-01-01,98.77165634881753
2024-03-20,A3538813R,28276,"Electricity, gas, water and waste services",2024-01-01,116.81401305461456
2024-03-20,A3538816W,109441,Construction,2024-01-01,95.608379634483
2024-03-20,A3538819C,169528,Wholesale trade,2024-01-01,102.57328694599909
2024-03-20,A3538822T,140063,Retail trade,2024-01-01,108.28720311726867
2024-03-20,A3538825X,33954,Accommodation and food services,2024-01-01,108.74327440430439
2024-03-20,A3538828F,46742,"Transport, postal and warehousing",2024-01-01,115.01759393685869
2024-03-20,A3538831V,23594,Information media and telecommunications,2024-01-01,129.68011432340333
2024-03-20,A3538834A,17669,Financial and insurance services,2024-01-01,112.66339348338965
2024-03-20,A3538837J,31907,"Rental, hiring and real estate services",2024-01-01,110.98472990364883
2024-03-20,A3538840W,68273,"Professional, scientific and technical services",2024-01-01,115.35719113273858
2024-03-20,A3538846K,11318,Arts and recreation services,2024-01-01,109.45841392649903
2024-03-20,A3538849T,18195,Other services,2024-01-01,108.6982495967501
2024-06-20,A3538807V,116275,Mining,2024-04-01,102.34394254128085
2024-06-20,A3538810J,111531,Manufacturing,2024-04-01,99.34618981873247
2024-06-20,A3538813R,28539,"Electricity, gas, water and waste services",2024-04-01,117.90052053209948
2024-06-20,A3538816W,111937,Construction,2024-04-01,97.78890170178565
2024-06-20,A3538819C,166644,Wholesale trade,2024-04-01,100.82831644229314
2024-06-20,A3538822T,140182,Retail trade,2024-04-01,108.37920583869372
2024-06-20,A3538825X,33942,Accommodation and food services,2024-04-01,108.70484242890085
2024-06-20,A3538828F,47839,"Transport, postal and warehousing",2024-04-01,117.71697138216983
2024-06-20,A3538831V,23943,Information media and telecommunications,2024-04-01,131.59832911948993
2024-06-20,A3538834A,18359,Financial and insurance services,2024-04-01,117.06306191417458
2024-06-20,A3538837J,32060,"Rental, hiring and real estate services",2024-04-01,111.51692232773314
2024-06-20,A3538840W,68678,"Professional, scientific and technical services",2024-04-01,116.04149770208164
2024-06-20,A3538846K,11136,Arts and recreation services,2024-04-01,107.69825918762089
2024-06-20,A3538849T,18016,Other services,2024-04-01,107.62889061473206
2024-09-20,A3538807V,117637,Mining,2024-07-01,103.5427595676513
2024-09-20,A3538810J,111118,Manufacturing,2024-07-01,98.97831024807375
2024-09-20,A3538813R,28241,"Electricity, gas, water and waste services",2024-07-01,116.66942080475916
2024-09-20,A3538816W,112538,Construction,2024-07-01,98.31393926686934
2024-09-20,A3538819C,168213,Wholesale trade,2024-07-01,101.7776433217365
2024-09-20,A3538822T,140225,Retail trade,2024-07-01,108.41245051954478
2024-09-20,A3538825X,33773,Accommodation and food services,2024-07-01,108.16359210863439
2024-09-20,A3538828F,47652,"Transport, postal and warehousing",2024-07-01,117.25682226432737
2024-09-20,A3538831V,24215,Information media and telecommunications,2024-07-01,133.09332747059472
2024-09-20,A3538834A,18490,Financial and insurance services,2024-07-01,117.8983612829178
2024-09-20,A3538837J,31969,"Rental, hiring and real estate services",2024-07-01,111.20038957876795
2024-09-20,A3538840W,68132,"Professional, scientific and technical services",2024-07-01,115.11895106785617
2024-09-20,A3538846K,11434,Arts and recreation services,2024-07-01,110.58027079303675
2024-09-20,A3538849T,17991,Other services,2024-07-01,107.47953880160105
2024-12-20,A3538807V,115887,Mining,2024-10-01,102.00242932084639
2024-12-20,A3538810J,108174,Manufacturing,2024-10-01,96.35594352647753
2024-12-20,A3538813R,28798,"Electricity, gas, water and waste services",2024-10-01,118.9705031810295
2024-12-20,A3538816W,113128,Construction,2024-10-01,98.8293671593808
2024-12-20,A3538819C,170082,Wholesale trade,2024-10-01,102.90848585690516
2024-12-20,A3538822T,141772,Retail trade,2024-10-01,109.60848589807026
2024-12-20,A3538825X,33904,Accommodation and food services,2024-10-01,108.58314117345631
2024-12-20,A3538828F,47863,"Transport, postal and warehousing",2024-10-01,117.77602795344373
2024-12-20,A3538831V,24179,Information media and telecommunications,2024-10-01,132.89546004177203
2024-12-20,A3538834A,19549,Financial and insurance services,2024-10-01,124.65089587451381
2024-12-20,A3538837J,32535,"Rental, hiring and real estate services",2024-10-01,113.16915370969426
2024-12-20,A3538840W,67636,"Professional, scientific and technical services",2024-10-01,114.2808867261422
2024-12-20,A3538846K,11432,Arts and recreation services,2024-10-01,110.56092843326886
2024-12-20,A3538849T,17889,Other services,2024-10-01,106.87018340402652
2025-03-20,A3538807V,114086,Mining,2025-01-01,100.41720944970602
2025-03-20,A3538810J,109007,Manufacturing,2025-01-01,97.09793791475526
2025-03-20,A3538813R,28160,"Electricity, gas, water and waste services",2025-01-01,116.33479302652235
2025-03-20,A3538816W,112049,Construction,2025-01-01,97.88674564070308
2025-03-20,A3538819C,170297,Wholesale trade,2025-01-01,103.03857207684163
2025-03-20,A3538822T,141665,Retail trade,2025-01-01,109.52576076199901
2025-03-20,A3538825X,33984,Accommodation and food services,2025-01-01,108.83935434281322
2025-03-20,A3538828F,48333,"Transport, postal and warehousing",2025-01-01,118.93255247422427
2025-03-20,A3538831V,24673,Information media and telecommunications,2025-01-01,135.6106408706167
2025-03-20,A3538834A,21142,Financial and insurance services,2025-01-01,134.80839125167378
2025-03-20,A3538837J,32340,"Rental, hiring and real estate services",2025-01-01,112.49086924762601
2025-03-20,A3538840W,67287,"Professional, scientific and technical services",2025-01-01,113.69120032441201
2025-03-20,A3538846K,11560,Arts and recreation services,2025-01-01,111.79883945841392
2025-03-20,A3538849T,18463,Other services,2025-01-01,110.29930103351455
2025-06-20,A3538807V,115417,Mining,2025-04-01,101.58874062599021
2025-06-20,A3538810J,109816,Manufacturing,2025-04-01,97.81855431345477
2025-06-20,A3538813R,27769,"Electricity, gas, water and waste services",2025-04-01,114.71949103528051
2025-06-20,A3538816W,109624,Construction,2025-04-01,95.7682496418213
2025-06-20,A3538819C,173468,Wholesale trade,2025-04-01,104.95719255785812
2025-06-20,A3538822T,143274,Retail trade,2025-04-01,110.76973033151906
2025-06-20,A3538825X,34705,Accommodation and food services,2025-04-01,111.14847553164233
2025-06-20,A3538828F,49586,"Transport, postal and warehousing",2025-04-01,122.01579763281576
2025-06-20,A3538831V,25088,Information media and telecommunications,2025-04-01,137.8916126195449
2025-06-20,A3538834A,21292,Financial and insurance services,2025-04-01,135.76484091054007
2025-06-20,A3538837J,32463,"Rental, hiring and real estate services",2025-04-01,112.91871021600751
2025-06-20,A3538840W,67262,"Professional, scientific and technical services",2025-04-01,113.64895917815626
2025-06-20,A3538846K,11733,Arts and recreation services,2025-04-01,113.47195357833655
2025-06-20,A3538849T,18670,Other services,2025-04-01,111.53593404623932
2025-09-20,A3538807V,117445,Mining,2025-07-01,103.37376333485899
2025-09-20,A3538810J,110851,Manufacturing,2025-07-01,98.74048011401594
2025-09-20,A3538813R,28226,"Electricity, gas, water and waste services",2025-07-01,116.60745269767826
2025-09-20,A3538816W,110920,Construction,2025-07-01,96.90044379215152
2025-09-20,A3538819C,173023,Wholesale trade,2025-07-01,104.6879443351989
2025-09-20,A3538822T,143511,Retail trade,2025-07-01,110.95296264225631
2025-09-20,A3538825X,34877,Accommodation and food services,2025-07-01,111.69933384575967
2025-09-20,A3538828F,50039,"Transport, postal and warehousing",2025-07-01,123.13049041561062
2025-09-20,A3538831V,25470,Information media and telecommunications,2025-07-01,139.99120589205234
2025-09-20,A3538834A,21913,Financial and insurance services,2025-07-01,139.7245424982465
2025-09-20,A3538837J,32962,"Rental, hiring and real estate services",2025-07-01,114.65442276253087
2025-09-20,A3538840W,66108,"Professional, scientific and technical services",2025-07-01,111.69910786699108
2025-09-20,A3538846K,11862,Arts and recreation services,2025-07-01,114.71953578336557
2025-09-20,A3538849T,18808,Other services,2025-07-01,112.3603560547225
2025-12-20,A3538807V,118569,Mining,2025-10-01,104.36309544766398
2025-12-20,A3538810J,112017,Manufacturing,2025-10-01,99.77909410769162
2025-12-20,A3538813R,28438,"Electricity, gas, water and waste services",2025-10-01,117.48326861108816
2025-12-20,A3538816W,111775,Construction,2025-10-01,97.64737743299438
2025-12-20,A3538819C,174542,Wholesale trade,2025-10-01,105.60701860535471
2025-12-20,A3538822T,144040,Retail trade,2025-10-01,111.36194952993567
2025-12-20,A3538825X,35165,Accommodation and food services,2025-10-01,112.62170125544453
2025-12-20,A3538828F,49789,"Transport, postal and warehousing",2025-10-01,122.51531779817417
2025-12-20,A3538831V,25837,Information media and telecommunications,2025-10-01,142.00835440255028
2025-12-20,A3538834A,21607,Financial and insurance services,2025-10-01,137.7733851941593
2025-12-20,A3538837J,33066,"Rental, hiring and real estate services",2025-10-01,115.01617447563393
2025-12-20,A3538840W,67438,"Professional, scientific and technical services",2025-10-01,113.9463368477967
2025-12-20,A3538846K,11761,Arts and recreation services,2025-10-01,113.74274661508704
2025-12-20,A3538849T,18884,Other services,2025-10-01,112.81438556664078
2026-03-20,A3538807V,114889,Mining,2026-01-01,101.12400098581136
2026-03-20,A3538810J,112397,Manufacturing,2026-01-01,100.11757894268027
2026-03-20,A3538813R,28346,"Electricity, gas, water and waste services",2026-01-01,117.10319755432538
2026-03-20,A3538816W,114185,Construction,2026-01-01,99.752769332914
2026-03-20,A3538819C,175355,Wholesale trade,2026-01-01,106.09892603237029
2026-03-20,A3538822T,143723,Retail trade,2026-01-01,111.11686665017318
2026-03-20,A3538825X,34964,Accommodation and food services,2026-01-01,111.9779656674353
2026-03-20,A3538828F,49820,"Transport, postal and warehousing",2026-01-01,122.59159920273629
2026-03-20,A3538831V,26189,Information media and telecommunications,2026-01-01,143.9430581510388
2026-03-20,A3538834A,22140,Financial and insurance services,2026-01-01,141.17196964866415
2026-03-20,A3538837J,33384,"Rental, hiring and real estate services",2026-01-01,116.1222999060837
2026-03-20,A3538840W,68476,"Professional, scientific and technical services",2026-01-01,115.70018924033522
2026-03-20,A3538846K,11740,Arts and recreation services,2026-01-01,113.53965183752418
2026-03-20,A3538849T,19086,Other services,2026-01-01,114.02114821673935
